filename,name,sku,url
saree_0001_QS204820.png,Pashmina - Banarasi Saree - Pink Colour QS204820,QS204820,https://byrappasilk.in/storage/uploads/bsrKlEUvx7qmaeA5iC1nEQymK9K4CcA3u9t6LC7G.webp
saree_0002_QA255622.png,Organza Tissue Sarees - White & Gold Colour QA255622,QA255622,https://byrappasilk.in/storage/uploads/1cssgxdhsRwGnhP955n8kvXnhiWPEyThh9sbIaAI.webp
saree_0003_QA254685.png,Floral Organza Saree - Red Colour QA254685,QA254685,https://byrappasilk.in/storage/uploads/qg47mgXZJa6Hkt1a0Aglo3GRHjpGUffdBTyBpORV.webp
saree_0004_AA313403.png,Munga Crape Sarees - Blue Colour AA313403,AA313403,https://byrappasilk.in/storage/uploads/DOh6Yh13wqTpvxICi9rpCGyRG72bAtKTM2bhkxMi.webp
saree_0005_AA313402.png,Munga Crap saree With Black Colour AA313402,AA313402,https://byrappasilk.in/storage/uploads/4JLJoaYdcEToSWgnyn2wS7O6GvTMDBiuYH2Jy3yg.webp
saree_0006_AA313400.png,Munga Crape Sarees - Mustard Colour AA313400,AA313400,https://byrappasilk.in/storage/uploads/pbEkYpY8lwmr5e89LMIiVRcnmIlOrQdQnQ7ndwzq.webp
saree_0007_QA255132.png,Organza Tissuse Saree With Aplic Work - Blue colour QA255132,QA255132,https://byrappasilk.in/storage/uploads/8g77UyeDma813l5kmIP1cfkar58Awv2pxvTSP4a4.webp
saree_0008_AA313404.png,Munga Crape saree With Rani Pink Colour AA313404,AA313404,https://byrappasilk.in/storage/uploads/PjQa9zkLlxKBrWv3fNRstu8b1lclOgCDtPZ3ar0U.webp
saree_0009_AA313401.png,Munga Crape Saree With Cream Colour AA313401,AA313401,https://byrappasilk.in/storage/uploads/jNXzadcZVV3PBCmWm3N7RqTOAeqV5oXG6uWS4RRn.webp
saree_0010_QA255621.png,Pashmina - Banarasi Saree -Cream Colour QA255621,QA255621,https://byrappasilk.in/storage/uploads/XiFix3BQoTCxi474K6BxmFVJUSQgNFYV5Z0g4Sto.webp
saree_0011_QA255417.png,Pashmina - Banarasi Saree -Navy Blue Colour QA255417,QA255417,https://byrappasilk.in/storage/uploads/U1U3eq2Sk1UZRHZFSF9nFTqu7M0uk5mmUsU6szT1.webp
saree_0012_QA255418.png,Satin Printed  Saree - Dark yellow Colour QA255418,QA255418,https://byrappasilk.in/storage/uploads/5pHOYB1oe0CQOESBuBnYNeDFc6rKUBADvBmOC2Qd.webp
saree_0013_QA255500.png,Satin Printed Sarees - Blue Colour QA255500,QA255500,https://byrappasilk.in/storage/uploads/TMbnGQwrgGA9FNxW5iPgTW2LgO9fpU62r5a3YuKS.webp
saree_0014_QA255507.png,Satin Printed  Saree - Green & yellow Colour  QA255507,QA255507,https://byrappasilk.in/storage/uploads/fR9X224nnHKSXOSFyKtWioHXG5V7fVZNshH3zq1Z.webp
saree_0015_QA255531.png,Satin Printed  Saree - Black Colour QA255531,QA255531,https://byrappasilk.in/storage/uploads/nT7SQ7WtIUBwVLgDKJ424YrzjiHHIy8USGliqgZd.webp
saree_0016_QA254551.png,kadiyal Semi Silk Saree - Red Colour -QA254551,QA254551,https://byrappasilk.in/storage/uploads/8LzXLNWswm46FLe08Efii9dN3WqrUedryav55WiD.webp
saree_0017_QS208405.png,Pashmina Jaal Saree -Black colour QS208405,QS208405,https://byrappasilk.in/storage/uploads/zyqdXTETYVYkucQa3UJZu6CS49lpT7aZZW8wNYVG.webp
saree_0018_QS209227.png,Pashmina - Banarasi Saree - Half white Colour QS209227,QS209227,https://byrappasilk.in/storage/uploads/cehpGJn7wuQJb13uEkicbLK1CvK0jAzMMTqAZZsk.webp
saree_0019_QS208576.png,Pasmina Banarasi  Sarees - Black Colour QS208576,QS208576,https://byrappasilk.in/storage/uploads/RQ7DeckMj0qO1qNkncyJsTZNvmLhamObkDaaY4xE.webp
saree_0020_QS211656.png,Pashmina Sarees - Cream Colour QS211656,QS211656,https://byrappasilk.in/storage/uploads/e3fLio4jIGr5ccGMyp8scsbxxtptlLdLgXxswqoG.webp
saree_0021_QS208599.png,Pashmina - Banarasi Saree - Yellow Colour QS208599,QS208599,https://byrappasilk.in/storage/uploads/sw3sMOtV227PPYmpWHx3m8ZOxU46Ql9g1ZxCQrBh.webp
saree_0022_QS212518.png,Banarasi Saree -Dark pink Colour With Pink Border - QS212518,QS212518,https://byrappasilk.in/storage/uploads/kD7WiuXfwJDLsBEUcHcnwtj8FR3qM7vPseZ4tqMb.webp
saree_0023_QS212520.png,Banarasi Saree -Green Colour - QS212520,QS212520,https://byrappasilk.in/storage/uploads/nvn3HRaOQ62TnBJZbhitrVKd6W0Bs9Dg2juCVJn8.webp
saree_0024_QS212142.png,Floral Organza Saree With Aplic Work - White Colour - QS212142,QS212142,https://byrappasilk.in/storage/uploads/i4ZBT5jBoxnJ6Dr0rp7MEeu9gAOhPDIwzDd0Pbly.webp
saree_0025_QS212816.png,Pure Mysore Silk Saree - Black Colour - QS212816,QS212816,https://byrappasilk.in/storage/uploads/WxgORwvpJQmvc4CADC73YDh6khXWxY0BebJBPNHM.webp
saree_0026_QS214147.png,Pure Organza Sarees - White With Red Work - QS214147,QS214147,https://byrappasilk.in/storage/uploads/lmAesfuJgotFJb9pRyl3tAO6JZhnotjArSwBNazY.webp
saree_0027_QS213046.png,Kalamkari With Kanchi Border Sarees  - QS213046,QS213046,https://byrappasilk.in/storage/uploads/xYgK3ALyGn8IvQCWbgg6lzAuSPoI4RoW5GYQUifS.webp
saree_0028_QS213014.png,Kalamkari With Kanchi Border Sarees - QS213014,QS213014,https://byrappasilk.in/storage/uploads/PNzWtz5Mrw8ZnxN9wr173x0quvRfEayxXNBNI00W.webp
saree_0029_QS213061.png,Organza Saree With Aplic Work - Black Colour - QS213061,QS213061,https://byrappasilk.in/storage/uploads/2t7iTUE8Eel0mT8aXxkqoZ4VX8Ac6jdjxKuPw2Ci.webp
saree_0030_QS207032.png,Banarasi Saree - Cream Colour - QS207032,QS207032,https://byrappasilk.in/storage/uploads/8J43KQoStEvfoKihpEFODXw1aNuXs7Vjh9eDBFqq.webp
saree_0031_QS214036.png,Fancy Work Saree - QS214036,QS214036,https://byrappasilk.in/storage/uploads/OQtMMmRPPku7zbMNgdAygpH7sEcPtf0uTxFl7JvV.webp
saree_0032_QS214034.png,Fancy Work Saree - QS214034,QS214034,https://byrappasilk.in/storage/uploads/mI2WguinXBBCzp9xYnY4kP1lRb1yD0tFkku0nzLc.webp
saree_0033_QS214033.png,Fancy Work Saree - QS214033,QS214033,https://byrappasilk.in/storage/uploads/nmesha9Ryn8rbHOMSAlu2trmUwaLlkwXoeVveVsS.webp
saree_0034_QS213523.png,Satin Printed Aditya Birla Fabric - White & Black Colour - QS213523,QS213523,https://byrappasilk.in/storage/uploads/0QL4gpjy33U3uH24jdVsDw7UzudabXNAFIVNKYAO.webp
saree_0035_QS213579.png,Satin Printed Aditya Birla Fabric  - White & Black Colour - QS213579,QS213579,https://byrappasilk.in/storage/uploads/sfg0tNLNPzgXVAtt7bzbgWv0wYp7tmJeAwtaF2Xa.webp
saree_0036_QS213587.png,Satin Printed Aditya Birla Fabric  - White & Black Colour - QS213587,QS213587,https://byrappasilk.in/storage/uploads/DCuwM6jF2XZCAZfxEJogCMBdzYRa1eOXKJ7dDIAm.webp
saree_0037_QS213527.png,Satin Printed (Aditya Birla Fabric) - White & Black Colour - QS213527,QS213527,https://byrappasilk.in/storage/uploads/IxQilcX5rH4BraSGWNCJNSX83IhRSwResXEW0JdY.webp
saree_0038_QS213580.png,Satin Printed Aditya Birla Fabric  - White & Black Colour - QS213580,QS213580,https://byrappasilk.in/storage/uploads/Zx1UD5BooqUNgx6d8nihQzt7t1rxIalFKbozBfcB.webp
saree_0039_QS213525.png,Satin Printed Aditya Birla Fabric - White & Black Colour - QS213525,QS213525,https://byrappasilk.in/storage/uploads/IoFOWGGSbxl7BkITtqGYGCpr5zXKJUC0HgIu8LDG.webp
saree_0040_QS213529.png,Satin Printed (Aditya Birla Fabric) - White & Black Colour - QS213529,QS213529,https://byrappasilk.in/storage/uploads/nvIXxpWcGCjHgfNm5egKFF5hHN9QB4jaQuMJOavo.webp
saree_0041_QS215164.png,Ajrakh Printed Sarees -Black Colour - QS215164,QS215164,https://byrappasilk.in/storage/uploads/Bf0p9ygZ7DWkMhT7wMfTFzW0Jo0TczDu22DI6CPl.webp
saree_0042_QS215442.png,Ajrakh Printed Sarees - Maroon Colour - QS215442,QS215442,https://byrappasilk.in/storage/uploads/V8gXeBsiZPqnunFXi1E8zY41q0DW9XJx9aj0PscX.webp
saree_0043_QS216160.png,Handloom Pure Silk Sarees - QS216160,QS216160,https://byrappasilk.in/storage/uploads/rvqUg5eeUDdNwCadDHEk6HueIClqSw9xPPcLBNe7.webp
saree_0044_QS216263.png,Organza Saree Yellow Colour - QS216263,QS216263,https://byrappasilk.in/storage/uploads/5xAZJR0hOD64wwXfbMxwneZSKlRl9ea3nlzDD2dS.webp
saree_0045_QS216261.png,Organza Saree Wine Colour - QS216261,QS216261,https://byrappasilk.in/storage/uploads/vypuwKsFjMxO0n6k26lWS0s4Rr3dhYNxuxEwoDo4.webp
saree_0046_QS216260.png,Organza Saree - Blue Colour - QS216260,QS216260,https://byrappasilk.in/storage/uploads/TjS4TZONDrei7qFe2eXLYVjHiPS6XGtDXcGg5i5P.webp
saree_0047_QS216262.png,Organza Saree - Black Colour - QS216262,QS216262,https://byrappasilk.in/storage/uploads/cEceux4XcMh1iU8SKV5GKpIhmbQZbnR9Gh8743aw.webp
saree_0048_QS216113.png,Aplic Work Sarees - QS216113,QS216113,https://byrappasilk.in/storage/uploads/6712WTJlubc92zvHsPT8a8cpkKqlQ8ZJoxp2wn1V.webp
saree_0049_QS216114.png,Aplic Work Sarees - QS216114,QS216114,https://byrappasilk.in/storage/uploads/6W2kp9SWgUHhFU7fFhxaEZVmIn02Mv2oPJCARkkE.webp
saree_0050_QS214968.png,Aplic Work Sarees - QS214968,QS214968,https://byrappasilk.in/storage/uploads/hxG2pkQJJFR3X1m0VYJT56skBF6WXjbzs8v0LVLI.webp
saree_0051_QS213561.png,Satin Printed (Aditya Birla Fabric) - White Colour - QS213561,QS213561,https://byrappasilk.in/storage/uploads/x512tw18NLdI97EznXdx1EOimuTVVFPlEDkcXETU.webp
saree_0052_QS214419.png,Semi-Crape Printed Saree -Blue Colour - QS214419,QS214419,https://byrappasilk.in/storage/uploads/tvTtjTm5KPLTyD0LLr5Ml7AZonFn4vBcl2ZfEuOn.webp
saree_0053_QW201127.png,Semi-Crape Printed Saree - Black & Yellow Colour - QW201127,QW201127,https://byrappasilk.in/storage/uploads/2QDf4J8KjUIfb6euZZEZBIDTdyjJlm9rjQRSdCM7.webp
saree_0054_QS215526.png,Ajrakh Printed Sarees - Red Colour - QS215526,QS215526,https://byrappasilk.in/storage/uploads/lpiFPx73XqglBoJpsfBRy4dUprd3SOEkNWW5YEKu.webp
saree_0055_QS217208.png,Designer Fancy Saree with Blouse - QS217208,QS217208,https://byrappasilk.in/storage/uploads/9g2dABuxruUaoZICZQvSVGvAUY4fQ60pcSGZJxI2.webp
saree_0056_QS217214.png,Designer Fancy Saree with Blouse - QS217214,QS217214,https://byrappasilk.in/storage/uploads/DyOIDhn7myeu1eZz9HxoM1a078KuFLPgFDwsIRNa.webp
saree_0057_QS217213.png,Designer Fancy Saree with Blouse - QS217213,QS217213,https://byrappasilk.in/storage/uploads/4IzZXdyZQApV0Ch1CFEczfEfDa8HnqrWp4FyXwht.webp
saree_0058_QS217215.png,Designer Fancy Saree with Blouse - QS217215,QS217215,https://byrappasilk.in/storage/uploads/57n4ZWfhdes9k9p1GZCLDkSRazJRAp2wTfgqEFRT.webp
saree_0059_QS217209.png,Designer Fancy Saree with Blouse - QS217209,QS217209,https://byrappasilk.in/storage/uploads/EFM8MnzYj7YNn1DsXrtEFJ8FE38AmOZZytFIG3Ft.webp
saree_0060_QS217211.png,Designer Fancy Saree with Blouse - QS217211,QS217211,https://byrappasilk.in/storage/uploads/ISEdnDJbO4KaK4c0FwI1YYRWBOzoFBVhXAGyjiG8.webp
saree_0061_QS217206.png,Designer Fancy Saree with Blouse - QS217206,QS217206,https://byrappasilk.in/storage/uploads/8abvg1jy0PtHr57SbqCE8kLFs49p1TxQeJ3WwJEb.webp
saree_0062_QS217205.png,Designer Fancy Saree with Blouse - QS217205,QS217205,https://byrappasilk.in/storage/uploads/uH1RguI2QyHYDPsFnosnHnbLN8GrXM5VNqVfG8I9.webp
saree_0063_QS217878.png,Fancy Saree (Aditya Birla Fabric) - White & Black Colour - QS217878,QS217878,https://byrappasilk.in/storage/uploads/yx7ceI9prSCP1boW7sdn1ef6KjlzKRKDDUjhRur1.webp
saree_0064_QS218569.png,Pashmina Printed Saree - Banarasi Crape - QS218569,QS218569,https://byrappasilk.in/storage/uploads/EqhoM3xRaYe8TFRWgKXZQa85KlKzR03mDJM2oHeu.webp
saree_0065_QS218564.png,Pashmina Printed Saree - Banarasi Crape - QS218564,QS218564,https://byrappasilk.in/storage/uploads/CC73ScEPwfhfcTA2z72gls37yQCD27xtjGlfJ0Au.webp
saree_0066_QS218562.png,Pashmina Printed Saree - Banarasi Crape - QS218562,QS218562,https://byrappasilk.in/storage/uploads/LHFF3H4axVW8GT48aY7o6hBeuRdxaYBUSJmUSmn0.webp
saree_0067_QS214151.png,Fancy Saree With Work - Wine Colour - QS214151,QS214151,https://byrappasilk.in/storage/uploads/PzYMaVmh4rdjXRqAdvO29SFfeE6MpMRluWmuQGQh.webp
saree_0068_QS214150.png,Fancy Saree With Work - Maroon Colour - QS214150,QS214150,https://byrappasilk.in/storage/uploads/4X5dWEdNaNkWThnAPK6ZIbmIaXfSvwdsVbn5I5a7.webp
saree_0069_QS214152.png,Fancy Saree With Work - Black Colour - QS214152,QS214152,https://byrappasilk.in/storage/uploads/jhOfZCFrLWslK47q37XnCqTlS2Sj6qOC5amLzsT5.webp
saree_0070_QS217133.png,Kalamkari With Kanchi Border Saree - White With Red Border -QS217133,QS217133,https://byrappasilk.in/storage/uploads/sRBCS9lAIepqfaaIHvQLct2yUM8wiA6gDXzyic07.webp
saree_0071_QS213638.png,Fancy Printed Saree - Green With Dark Pink Colour - QS213638,QS213638,https://byrappasilk.in/storage/uploads/VrAu87spHy85sLEpX4jnZ5FH0kzWhqAbCSJmAZBK.webp
saree_0072_QS217074.png,Fancy Saree (Aditya Birla Fabric) - White & Black Colour - QS217074,QS217074,https://byrappasilk.in/storage/uploads/HCU9yVRED55pLylh6OAALdEWFwsStvV9icyZWnMF.webp
saree_0073_QS217921.png,Pure Organza Saree - Black Colour - QS217921,QS217921,https://byrappasilk.in/storage/uploads/aK9VjPCmk5nZKRNbaUqYkPhxHxPIqMPmxkYNyGkJ.webp
saree_0074_QS216689.png,Banaras Fancy Saree - Cream Colour - QS216689,QS216689,https://byrappasilk.in/storage/uploads/hASdNpPI37P8ttre3lzHjN2uCdSkxJGqRXdJOS4g.webp
saree_0075_QS215527.png,Ajrakh Printed Sarees - Dark Blue Colour - QS215527,QS215527,https://byrappasilk.in/storage/uploads/slflchG8wCRxmUBXbcukhz8r99YvU5oGIEkuOxHs.webp
saree_0076_QS202049.png,Organza Fancy Saree - Peach Colour - QS202049,QS202049,https://byrappasilk.in/storage/uploads/YrbEFJLYSVS5svQFPIXN4FqKR5tjW4Y1hpGoiAve.webp
saree_0077_QS202064.png,Organza Fancy Saree - Sky Blue Colour - QS202064,QS202064,https://byrappasilk.in/storage/uploads/Id90MyzzQIS8Dwae05ba5Fd6YHKMtgvRGm4Iv0iz.webp
saree_0078_QS202070.png,Organza Fancy Saree - Purple Colour - QS202070,QS202070,https://byrappasilk.in/storage/uploads/itADTy8eZV1haICBEzF85stU03N4sel0NCTzU2Kq.webp
saree_0079_QS202065.png,Organza Fancy Saree - Pink Colour - QS202065,QS202065,https://byrappasilk.in/storage/uploads/Zaa5nP1FeR8uGePUVShZmjStis2HJtZV94ERjrz7.webp
saree_0080_QS218349.png,Crape Saree - Pink With Dark Pink Colour - QS218349,QS218349,https://byrappasilk.in/storage/uploads/rq56P93RNnzjaJzCqyZDP7p0FKdrthWccL93azo5.webp
saree_0081_QS218347.png,Crape Saree - Blue with Dark Blue Colour - QS218347,QS218347,https://byrappasilk.in/storage/uploads/RgXN2NtUV4MXmKg0UqL1b30NRPY5JnuaOfuLUiLw.webp
saree_0082_QS217860.png,Crape Saree - Royal Blue Colour - QS217860,QS217860,https://byrappasilk.in/storage/uploads/qFo7gBwvaDArnQ3iqAsQkwB8jElLR7SiF5MUpZkH.webp
saree_0083_QS217862.png,Crape Saree - Black Colour - QS217862,QS217862,https://byrappasilk.in/storage/uploads/uX3tT1VC0MQhYbyLbAeXKRo6QnQdW97i4su9Nu5o.webp
saree_0084_QS218680.png,Tussar Aplic Printed Sare - Red Colour - QS242940,QS218680,https://byrappasilk.in/storage/uploads/LjS38QVCkNPyg7aGvmUGwjSQWmMBz7dGtvnbOafq.webp
saree_0085_QS218681.png,Tussar Aplic Printed Saree - Wine Colour - QS242941,QS218681,https://byrappasilk.in/storage/uploads/3fiskIVCV5PStGbtBh5wxzxqGDuAgRdvPIS2qJI2.webp
saree_0086_QS218682.png,Tussar Aplic Printed Sare - Green Colour - QS242942,QS218682,https://byrappasilk.in/storage/uploads/kFOaZB91RqLU6d0zTBEnseoXBfNG4Xx8nTBglDUq.webp
saree_0087_QS218679.png,Tussar Aplic Printed Sare - Black Colour - QS242943,QS218679,https://byrappasilk.in/storage/uploads/FsLFKIueKdZVBLvAZZbgUYKTKA8L2TGmQCknV233.webp
saree_0088_QS219538.png,Organza Saree With Golden Aplic Work - Black Colour - QS219538,QS219538,https://byrappasilk.in/storage/uploads/EsqPfM9fSLVtPE5oEFi6QUzTbH2FjjUQsypzTZKQ.webp
saree_0089_QS217380.png,Pure Organza Sarees - White With Black Work - QS217380,QS217380,https://byrappasilk.in/storage/uploads/sG21XJk5MfEYV0ZWqd8xJLyxZVaQD9HCveTs2O3a.webp
saree_0090_QS219661.png,Fancy Designer Saree with 2 Blouse - Light Beige Colour - QS219661,QS219661,https://byrappasilk.in/storage/uploads/nhBIT0z4OP2VhPrBTmGNxfHJfyDGK6mMPZbrwLOz.webp
saree_0091_QS219655.png,Fancy Designer Saree with 2 Blouse - Dark Pink Colour - QS219662,QS219655,https://byrappasilk.in/storage/uploads/9Myo98PaTGGJtYhtQqJJ6zntkvXNuxFii6Km6PzT.webp
saree_0092_QS219652.png,Fancy Designer Saree with 2 Blouse - Black Colour - QS219652,QS219652,https://byrappasilk.in/storage/uploads/6XdnAEuIpN3VafTYdCNnxUDjUQ4jYmDlz7AFdmab.webp
saree_0093_QS219664.png,Fancy Designer Saree with 2 Blouse - Grey Colour - QS219664,QS219664,https://byrappasilk.in/storage/uploads/NEx9wrMsjM4mcKxR4AfgRvahE9ktxzHXjpQcfA5t.webp
saree_0094_QS236865.png,Fancy Saree - Bright Mustard Yellow with a metallic sheen QS236865,QS236865,https://byrappasilk.in/storage/uploads/BD8BRZ2BSsmlBuNRWtdPaGtTpQfs9Q8qXlWlCJ7p.webp
saree_0095_QS236769.png,Fancy Saree - Yellow Silk Saree with Golden Zari Work  (Sunflower Yellow tone) QS236769,QS236769,https://byrappasilk.in/storage/uploads/8h8WJ08MxQ4yzAZrKVdlXZ3U57sqSp0igGYicyB9.webp
saree_0096_QS236350.png,Munga Silk Light White with Village Theme QS236350,QS236350,https://byrappasilk.in/storage/uploads/3S1C58ECi69tqwToJKI6TF0zacqC31Us4Uqf9afb.webp
saree_0097_QS236791.png,Banarasi Silk Saree Deep Royal Purple With Silver Zari Border QS236791,QS236791,https://byrappasilk.in/storage/uploads/Jpu3WkhslJzLlXQFU9lpGlUqhrCHhaQTZcWVSRzT.webp
saree_0098_QS236793.png,Plum Purple Silk Saree with Zari Floral Pallu QS236793,QS236793,https://byrappasilk.in/storage/uploads/ZPeDdw4XGqOT1N50NktPxhRY1Las4GjcJ5mJokev.webp
saree_0099_QS236745.png,Silk Saree Yellow  With Subtle Zari Work And Floral Motifs QS236745,QS236745,https://byrappasilk.in/storage/uploads/ZZdbWBOuY8et4JVD3jzxucM8VObEOOzNTpJCCYmM.webp
saree_0100_QS236877.png,Bandhani Saree Deep Plum  With Golden And White Diagonal Tie-Dye Stripes QS236877,QS236877,https://byrappasilk.in/storage/uploads/uzuQQI15ftBuiMLbHYN7fudaGtUuuoyj4CN73ewn.webp
saree_0101_QS236750.png,Silk Saree Peach With Golden Zari Border And Subtle Floral Embroidery Border QS236750,QS236750,https://byrappasilk.in/storage/uploads/1DRlesB8b5w1vpJ0ldPTepswWv8QfXEPpVM0uGoZ.webp
saree_0102_QS239074.png,Rangkat Banarasi Saree Multicolor Peacock with Purple Zari Border QS239074,QS239074,https://byrappasilk.in/storage/uploads/NEdfOaoPmkeQbRl7ngKNPtB8Hk5gHMrIn8baQc9N.webp
saree_0103_QS239062.png,Rangkat Banarasi Saree Multicolor  with Peacock & Floral Motifs and Magenta Zari Border QS239062,QS239062,https://byrappasilk.in/storage/uploads/alhASBf2DbgF5YdWERA1wp2oBBIyxqolcVwpF2y0.webp
saree_0104_QS239066.png,Rangkat Banarasi Saree Green & Blue  with Peacock & Floral Motifs and Navy Zari Border QS239066,QS239066,https://byrappasilk.in/storage/uploads/l3eKiHwHPFjCWxcXnqhlltVvUnREg3sDVx7fg4iV.webp
saree_0105_QS240726.png,Habutai Banarasi Sea Green with Golden Zari Border & Polka Butta QS240726,QS240726,https://byrappasilk.in/storage/uploads/da2wcYo1WYiRBDo9lPGrzAU5S3oodN5yBijoLC5u.webp
saree_0106_QS243136.png,Russian Viscose Silk Saree  Yellow with Golden Zari Elephant QS243136,QS243136,https://byrappasilk.in/storage/uploads/jPrKhBorCyxhygOfG1BONebXBnqc5rYlOJaiehue.webp
saree_0107_QS243136.png,Russian Viscose Saree  Purple with Golden Zari Elephant QS243136,QS243136,https://byrappasilk.in/storage/uploads/n42Q96ffjWPup5L2xKlHFZU4sbfskaSkhES6Bqz6.webp
saree_0108_QS243136.png,Russian Viscose Saree  Royal Blue with Golden Zari Elephant QS243136,QS243136,https://byrappasilk.in/storage/uploads/IOgezyUYURP4TCgEALUzgGDxkzjIbbgP8LA606rj.webp
saree_0109_QS242541.png,Kalamkari Black Silk Saree with Traditional Mythological Motifs QS242541,QS242541,https://byrappasilk.in/storage/uploads/PAzPR07dnLgSCcy5cTAjBHk4lpgh6WjcX9CGNvlN.webp
saree_0110_QS239312.png,Fancy Sky Blue Linen Silk Saree with Golden Zari Border  QS239312,QS239312,https://byrappasilk.in/storage/uploads/t6d0eIxIbBS1DZPOUdxV92o5jAqUtvknvWdOQ750.webp
saree_0111_QS239312.png,Fancy Peach Pink Linen Silk Saree with Golden Zari Border QS239312,QS239312,https://byrappasilk.in/storage/uploads/0TrboGULEZzC0rqryfFc6Gs92xakEz6sbqqmyEMn.webp
saree_0112_QS239312.png,Fancy Rust Orange Linen Silk Saree with Golden Zari Border QS239312,QS239312,https://byrappasilk.in/storage/uploads/GMjDfb3Zw7GX3IYx7bd3qcdEefR71mxjVpO1ra0U.webp
saree_0113_QS240743.png,Habutai Banarasi Black with Golden Zari Border & Polka Buttas QS240743,QS240743,https://byrappasilk.in/storage/uploads/8LkOo5rJW8DeKUzmQ5ZD9ep3RkuToYzdlMiXh4O8.webp
saree_0114_QS239075.png,Munga Royal Purple  with Intricate Weaving QS239075,QS239075,https://byrappasilk.in/storage/uploads/EaTPg4QJLzaq3hlWqQx3aBS99Fa1SDbcaaREotXC.webp
saree_0115_QS239075.png,Munga Vibrant Pink & Orange Banarasi Silk Saree with Inticate Weaving QS239075,QS239075,https://byrappasilk.in/storage/uploads/CqAzgVOlIkDKex0oy7a2HLiSpYPqhWaT1LYDJutv.webp
saree_0116_QS239075.png,Munga Elegant Pink  with Intricate Weaving  QS239075,QS239075,https://byrappasilk.in/storage/uploads/GomvrLFiw9qUUle7xQd6OmB7vfcyiFIjIkqywVeq.webp
saree_0117_QS239075.png,Munga Majestic Purple & Silver Saree with Intricate Weaving QS239075,QS239075,https://byrappasilk.in/storage/uploads/s4Ugf92kCV5TnjOLVD5snKHbzZE8nFJ05uCoYTxa.webp
saree_0118_QS239075.png,Munga Silver-Grey & Purple Banarasi Silk with Intricate Weaving QS239075,QS239075,https://byrappasilk.in/storage/uploads/iW8De6DCmfYjUrPI8XhElt752V32CKoq3t517sbf.webp
saree_0119_QS239202.png,Fancy Graceful White Net Saree with Embroidered Floral Border QS239202,QS239202,https://byrappasilk.in/storage/uploads/Me6svachNUY4XW3NM5qJekyg9EZloScwbEANAryq.webp
saree_0120_QS240177.png,Munga Mustard Yellow Banarasi Silk Saree with Intricate Prints  QS240177,QS240177,https://byrappasilk.in/storage/uploads/xkIwDa4EuGnYhDUT0z3dMSpDjaqFy4OBATDjQ4TB.webp
saree_0121_QS240202.png,Munga Rani Pink Banarasi Silk Saree with  Intricate Prints  QS240202,QS240202,https://byrappasilk.in/storage/uploads/lNNLUUHpCFy6FhwKTwNE9iFHNi0Yimk04pF62QUb.webp
saree_0122_QS240187.png,Munga Brown Banarasi Silk Saree with  Intricate Prints  QS240187,QS240187,https://byrappasilk.in/storage/uploads/Ue2Bmo3003ofvMqakT02jr4t2P4knvYizongJa9p.webp
saree_0123_QS242277.png,Fancy Black Saree with Golden Zari & Multicolor Floral Bird Design QS242277,QS242277,https://byrappasilk.in/storage/uploads/CKa1UeCtdproxnacp0dnijfFQELtRfGqoQVkFhyS.webp
saree_0124_QS228695.png,Fancy Banarasi  Pink Silk Saree with Golden Zari Border & Traditional Weave QS228695,QS228695,https://byrappasilk.in/storage/uploads/QC3MZrMajlqjpRo0NtokHjK6d70oQTJbDcGdNb9N.webp
saree_0125_QS248746.png,Georgette Meenakari Orange-Pink withTraditional Motifs QS248746,QS248746,https://byrappasilk.in/storage/uploads/3urBAwsHq275tm39tzEIAz3BnrDwdYtmNKAxjDei.webp
saree_0126_QS248744.png,Georgette Meenakari Pink withTraditional Motifs QS248744,QS248744,https://byrappasilk.in/storage/uploads/lMZuHOOvkBD2ijtSwyaKMdEsnkxuLYqBmDP9wo7H.webp
saree_0127_QS248731.png,Georgette Meenakari Pastel Pink withTraditional Motifs  QS248731,QS248731,https://byrappasilk.in/storage/uploads/Uh7zepf4Ln3b73hAdYrsykz4OeQnFFSt3XvPKoIb.webp
saree_0128_QS248064.png,Dola Peacock Dark Blue Banarasi Silk Saree QS248064,QS248064,https://byrappasilk.in/storage/uploads/KqXzT6uQZzlACvvQRqI2EAwRsnswH8JmyOQzy4Oh.webp
saree_0129_QS248075.png,Dola Peacock Motif Orange Banarasi Silk Saree QS248075,QS248075,https://byrappasilk.in/storage/uploads/a4hqBdPGSi7CA6OrzHjC9tVwSNYjLd1bSSlx88En.webp
saree_0130_QS248052.png,Dola Peacock Motif Grey-Blue Silk Saree QS248052,QS248052,https://byrappasilk.in/storage/uploads/CmmH2F8AOpOQYEE8AydjqMNuoF7DnPOJGa69cmLv.webp
saree_0131_QS248124.png,Dola Pichwai Cow Motif Green Silk Saree  QS248124,QS248124,https://byrappasilk.in/storage/uploads/cLuMzff0WMTh9GPPQS9SAT9dDMuT2diupJvFsifc.webp
saree_0132_QS248728.png,Charming Light Pink Banarasi Silk Saree with Multicolor Floral Weave QS248728,QS248728,https://byrappasilk.in/storage/uploads/Ko1rtFSZcljZHTm8adbBelSDR6vLPuFWJhLpuWKy.webp
saree_0133_QS248132.png,Dola Pichwai Cow  Motif Vibrant Orange Silk Saree QS248132,QS248132,https://byrappasilk.in/storage/uploads/KLwq8JqHtRXgZoNgpq0N3zW6PICvBanD2lAVmzHt.webp
saree_0134_QS248086.png,Dola Peacock Motif Pink Silk Saree QS248086,QS248086,https://byrappasilk.in/storage/uploads/sP5KsC3qRezh553V9CZgQKovpbu6WpsgGlSUvIur.webp
saree_0135_QS248150.png,Dola Pichwai Cow  Purple Silk Saree QS248150,QS248150,https://byrappasilk.in/storage/uploads/h1k1nlGRSZtf65JiPODkfHooAE0Nyb3reElDG49m.webp
saree_0136_QS248128.png,Dola Pichwai Cow Motif Red Silk Saree QS248128,QS248128,https://byrappasilk.in/storage/uploads/tuLmDTGzXtfXdIOCJAaDwKwQytHFLrHAbQ8QtkZy.webp
saree_0137_QS248088.png,Dola Peacock Motif  Red Silk Saree QS248088,QS248088,https://byrappasilk.in/storage/uploads/eHYnNeODOwmufd1jkexMqgKBMOAuAx7XOhWKch5R.webp
saree_0138_QS248752.png,Rangkat Banarasi Saree Multicolor with Peacock & Floral Motifs and Pink Zari Border QS248752,QS248752,https://byrappasilk.in/storage/uploads/K2GP96r5i3ALKPnN1UcNX34WPmFKaOW3mulHKCso.webp
saree_0139_QS250326.png,Linen Semi Tussar Aplic Cream Saree QS250326,QS250326,https://byrappasilk.in/storage/uploads/EJADFCaFg1IoXdbvvgeZOdv4Ob1DmQvk8XJLx1qF.webp
saree_0140_QS250284.png,Dola Elephant Print Stripes Purple Saree QS250284,QS250284,https://byrappasilk.in/storage/uploads/cqIw43xPeFTPIGAd9SDhs2XGaYwL5yxcNoMFOSNo.webp
saree_0141_QS250270.png,Dola Elephant Print Stripe Green Saree QS250270,QS250270,https://byrappasilk.in/storage/uploads/jixRem6aPKhCCSXfjFBrMxWc2hR6dNU1FEXCBiSz.webp
saree_0142_QS250261.png,Dola Elephant Print Stripes Pink Saree QS250261,QS250261,https://byrappasilk.in/storage/uploads/GACpC6FySRI7X20VpcB3AaMH08XGEMQHL0W5ipw3.webp
saree_0143_QS250271.png,Dola Elephant Print Stripes Wine Saree QS250271,QS250271,https://byrappasilk.in/storage/uploads/byuAf0XX9DMEcMrf6aOtF5cOw9PCyMUYUpQh8sQL.webp
saree_0144_QS250269.png,Dola Elephant Print Stripe Red Saree QS250269,QS250269,https://byrappasilk.in/storage/uploads/e8rDZUfq8j7dPK6Pf8BrkIDmUnvjVboPaF7LPw2r.webp
saree_0145_QS248952.png,Kora Aplic Cream Saree Elephant Motif QS248952,QS248952,https://byrappasilk.in/storage/uploads/U4q2ZuDuW7twzB6P9nadEjytB3HslXuAXkHOj5sc.webp
saree_0146_QS240026.png,Kora Aplic Black Saree Elephant Motif QS240026,QS240026,https://byrappasilk.in/storage/uploads/VJfbTmkHu9mPdmMUaIuAZMLXwaERuaAX2s8wcsWw.webp
saree_0147_QS249284.png,Kalamkari Grey Silk Saree with Traditional Mythological Motifs QS249284,QS249284,https://byrappasilk.in/storage/uploads/L6UaGf8Es7BffQfpR7snal49aBDDrZStURSJBB3j.webp
saree_0148_QS249255.png,Kalamkari Red Silk Saree with Traditional Mythological Motifs QS249255,QS249255,https://byrappasilk.in/storage/uploads/7h1ts3Yx5sJOF052xfISmZfwCR2gyxdpEtvl6T25.webp
saree_0149_QS236350.png,Munga Silk Light Blue & Pink with Village Theme QS236350,QS236350,https://byrappasilk.in/storage/uploads/KvblbVTB4kHHBJ1If34sOenOWvwTj2TimB5WjMMw.webp
saree_0150_QS248729.png,Georgette Meenakari Green withTraditional Motifs QS248729,QS248729,https://byrappasilk.in/storage/uploads/wjr5dESi6oiuVG1UMBjOq6FjzDpPJSzCJglXfnt1.webp
saree_0151_QS246339.png,Partywear Banarasi  Saree  Deep wine with blouse- QS246339,QS246339,https://byrappasilk.in/storage/uploads/ooKIqj1gRJFJqaHKgEwsCVan4g6czURkP9I1tx4J.webp
saree_0152_QS246333.png,Partywear Banarasi  Saree Deep black with blouse  - QS246333,QS246333,https://byrappasilk.in/storage/uploads/T8e9GosZ7hFdcs2k8n1bN9rfiaiTQoW7oGOYZ2ST.webp
saree_0153_QS246332.png,Partywear Banarasi  Saree Navy Blue with blouse  - QS246332,QS246332,https://byrappasilk.in/storage/uploads/MZK3a3sgYiLxE7jFKQnc2jRf7aQcu2tsUiZBI3ap.webp
saree_0154_QS246340.png,Partywear Banarasi  Saree  Multicolour floral .Deep navy with blouse- QS246340,QS246340,https://byrappasilk.in/storage/uploads/mzIhVge9tfQuNnxvXHU2UThWG53dDs9BEFmLrlDr.webp
saree_0155_QS214944.png,Partywear Banarasi  Saree Vibrant fuchsia pink base with blouse - QS214944,QS214944,https://byrappasilk.in/storage/uploads/QMYggBRDuv5Loj6HDX3tGAU6ZnyJDkKI04LDkTU5.webp
saree_0156_QS252423.png,Kalamkari saree Beige/cream base with multi-colour motifs.- QS252423,QS252423,https://byrappasilk.in/storage/uploads/waF3IELPA3Cotxu7TpzN473oPUPjThaTMuXjYbkQ.webp
saree_0157_QS252297.png,Floral Polka Aplic Saree Green QS252297,QS252297,https://byrappasilk.in/storage/uploads/xOjjmHl7NrApbRlZmRc5zdjdgPrqDoM7VYnuyXTs.webp
saree_0158_QS246051.png,Floral Polka Aplic Kota Yellow Saree  QS246051,QS246051,https://byrappasilk.in/storage/uploads/wqlJRSRswtLyGTVpP8T9X6aqTwcJ1ZTu7SqzSeSa.webp
saree_0159_QS246064.png,Floral Polka Aplic Pink Floral QS246064,QS246064,https://byrappasilk.in/storage/uploads/VR6HXNvXXDHJahSjmHLXpO0rt4WRRR7RXvKv8UpB.webp
saree_0160_QS252302.png,Floral Polka Aplic  Lavender Saree QS252302,QS252302,https://byrappasilk.in/storage/uploads/cx1FbE6WZ3M0U54dy8qtdfFnsltsO2llx7K0ncVO.webp
saree_0161_Qs254442.png,Semi Organza Aplic white black Saree QS254442,Qs254442,https://byrappasilk.in/storage/uploads/HPMq8rtJdyEaMiO1a5cPA9zrhaOsSUrUPs8CkrLQ.webp
saree_0162_QS254442.png,Semi Organza Aplic white Red Saree QS254442,QS254442,https://byrappasilk.in/storage/uploads/JZu5YYPZWCJaMUcwihmQszONFpVTabeZ1nM03k3v.webp
saree_0163_QS254555.png,Kalamkari Silk Saree Exquisite Black QS254555,QS254555,https://byrappasilk.in/storage/uploads/5tP03Hyj2bVPnRQP1TRYYO9wYV94xPJqVHWXim5Y.webp
saree_0164_QS254135.png,Kalamkari Silk Saree Exquisite Teal Blue   QS254135,QS254135,https://byrappasilk.in/storage/uploads/Tf4sJTVbkNljCcTte3FB0tsHYU1lexgaPQXtE1kG.webp
saree_0165_QS254558.png,Kalamkari Silk Saree Exquisite Cream QS254558,QS254558,https://byrappasilk.in/storage/uploads/DBWWm483bIrnPC9mvjC7XvY02lxPhK78S2KWzsQo.webp
saree_0166_QS254130.png,Kalamkari Silk Saree Elegant Green QS254130,QS254130,https://byrappasilk.in/storage/uploads/LJRxbDF0YIlN0gYF5U6YNKViRLs0ISGMTym1CXZf.webp
saree_0167_QS25126.png,Kalamkari Silk Luxurious Purple Saree QS25126,QS25126,https://byrappasilk.in/storage/uploads/RgeeKQiasCT0w8wOvtIjpAV6RaVycPn2eWl4Qava.webp
saree_0168_QS254515.png,Fancy Banarasi Saree Purple  with Golden Zari & Multicolor Floral Bird Design QS254515,QS254515,https://byrappasilk.in/storage/uploads/IhIyNuNVMOh5Lwm1Eg95j9kWGIHr2ro1BfFatwOe.webp
saree_0169_QS254511.png,Fancy Banarasi Pink Saree with Golden Zari & Multicolor Floral Bird Design QS254511,QS254511,https://byrappasilk.in/storage/uploads/mPIV2HIdWJqwtws0dW9rcMU6IRl2zCJ25TTmWInh.webp
saree_0170_QW202566.png,Kanjeevaram  Elegant Silver & Black Handloom Pure Silk Saree QW202566,QW202566,https://byrappasilk.in/storage/uploads/RYJcgNHywJCtYV50kJs0RTykqtRyeDKsskOuyaOz.webp
saree_0171_QS257704.png,khadhi George tte Vibrant Lime Green Saree with Golden Zari QS257704,QS257704,https://byrappasilk.in/storage/uploads/npwm03RhqECRrrQdWRBnulpywZjhDuKSE69G4zlb.webp
saree_0172_QS206169.png,Puna Banarasi Handloom Royal Purple wide central panel of diagonal zari lines QS206169,QS206169,https://byrappasilk.in/storage/uploads/ujuBvj6swBymWACGLQ84hSxOPDoNNbBZITZygVy2.webp
saree_0173_QS206169.png,Puna Banarasi Handloom Black wide central panel of diagonal zari lines QS206169,QS206169,https://byrappasilk.in/storage/uploads/gwSmPu0G0R7PBPA2WhB0UZLrTDTMz4tqDIF4Ew5x.webp
saree_0174_QS249829.png,Puna Banarasi Elegant Dark Green Silk Saree with Gold Zari Border QS249829,QS249829,https://byrappasilk.in/storage/uploads/4Yp4bBapkO8Tuuu3aumayPE43DKOTX64WMlILgsn.webp
saree_0175_QS249826.png,Puna Banarasi Purple Silk Saree with Gold Zari Border QS249826,QS249826,https://byrappasilk.in/storage/uploads/zARNmSayx474BnnAnlhg8fArEGwPbq0u7bSU2vvW.webp
saree_0176_QS249830.png,Puna Banarasi Pink Saree with Gold Zari Border QS249830,QS249830,https://byrappasilk.in/storage/uploads/Lwty9AjeERSxle499nY4pXPz0EeLw10MgWY3RIl7.webp
saree_0177_QS249831.png,Puna Banarasi Red Silk Saree with Gold Zari Border QS249831,QS249831,https://byrappasilk.in/storage/uploads/vAwJdCS7FvJVnIQ70wB9i99Xj7QjyYz32oeDJwQC.webp
saree_0178_QS249827.png,Puna Banarasi Orange Silk Saree with Gold Zari Border QS249827,QS249827,https://byrappasilk.in/storage/uploads/hvmoWGa1XAiDVrBbqW2RJlSjLR1lEfyEVqdNlY0p.webp
saree_0179_QS264143.png,Modal Saree Black & White Bold Leafy Print QS264143,QS264143,https://byrappasilk.in/storage/uploads/vjh7MEgYOhG7sSEYlSD3W5lobLLMTGS95gCOx09Y.webp
saree_0180_QS264246.png,Kota Cotton Saree With Aplic Work Elegant Beige Organza Fabric with Black Cut work Floral Border QS264246,QS264246,https://byrappasilk.in/storage/uploads/ZO268LUrdgZW75l2X7J0fcPRNjvftwTJc4ZwcJL8.webp
saree_0181_QS264234.png,Kota Cotton Saree With Aplic Work Elegant Beige Organza Fabric with Red Cut work Floral Border QS264234,QS264234,https://byrappasilk.in/storage/uploads/ia4yCAbc86eARmTo6lloyHTPrMJ7fVKwEKD71jXe.webp
saree_0182_QS242328.png,Puna Banarasi Elegant Dark Green Silk Saree with Elephant Zari Border QS242328,QS242328,https://byrappasilk.in/storage/uploads/Fg0DaS9tnOyWL9m8jjxKKD2PQSaz9k3RCZ0wQcQ0.webp
saree_0183_QS249835.png,Puna Banarasi Purple Silk Saree with Elephant Zari Border QS249835,QS249835,https://byrappasilk.in/storage/uploads/KeScXeeg1rq1mHf8xZoeyWJWVZCwrS7soVN1SEPB.webp
saree_0184_QS242325.png,Puna Banarasi Blue Silk Saree with Elephant Zari Border QS242325,QS242325,https://byrappasilk.in/storage/uploads/PD3cMOvNcYMpNVZEa9QZH6opeexlYK82aECG0f3U.webp
saree_0185_QS249836.png,Puna Banarasi Light Green Silk Saree with Elephant Zari Border QS249836,QS249836,https://byrappasilk.in/storage/uploads/ZlICRvKKyFi2zQ4Edw5XADikSeXdeuupS76OQSxg.webp
saree_0186_QS242333.png,Puna Banarasi Orange Silk Saree with Elephant Zari Border QS242333,QS242333,https://byrappasilk.in/storage/uploads/NBaWBgIeFH9W7ydxVCt9HnhProoUNjTauneXZmQf.webp
saree_0188_QS264179.png,Chanderi Soft Silk Saree With Floral Design QS264179,QS264179,https://byrappasilk.in/storage/uploads/jJaK96ocPLGi37EOHzrz61kaFQX4mDl8Li6RRh9N.webp
saree_0189_QS268576.png,Traditional Tussar Saree Bright Yellow with Green & Black Temple Border QS268576,QS268576,https://byrappasilk.in/storage/uploads/5mwR9UCTDHE1vj43OqQthflsVArfofjJlUcOJdEn.webp
saree_0190_QS268583.png,Traditional Tussar Saree Green with Blue & Black Temple Border QS268583,QS268583,https://byrappasilk.in/storage/uploads/BcoNwIQPH6IqJukOhRb79aWXTqQaQcvBYI3SK6Dz.webp
saree_0191_QS268576.png,Traditional Tussar Saree White with Green & Black Temple Border QS268576,QS268576,https://byrappasilk.in/storage/uploads/nzGHgTkhZg9FbTFmBSvY8H1YgqOUwCvBLjWuZpBu.webp
saree_0192_QS268580.png,Traditional Tussar Saree Pink with Green & Black Temple Border QS268580,QS268580,https://byrappasilk.in/storage/uploads/EL4ti1JBZ6qJmbJDVGBGhS1Y1XSwCFG5onpuC3bH.webp
saree_0193_QS268002.png,Semi Tussar Saree with Contrast Woven Check  Black QS268002,QS268002,https://byrappasilk.in/storage/uploads/tyWN1zPBxHFtzhL6Bfw82CAk8wVhYTTcTq6LLp2I.webp
saree_0194_QS268002.png,Tussar Saree Light Blue with Contrast Woven Check QS268002,QS268002,https://byrappasilk.in/storage/uploads/zSxSS6vkRBKxbHsLJba8ulmbrC8GkredOv5YN1wr.webp
saree_0195_QA254105.png,Rich Maroon Silk Saree with Chevron Temple Border and Antique Zari QA254105,QA254105,https://byrappasilk.in/storage/uploads/WUtLsXzfZPbnOgQIN2mAPscspZA0PX7YCcRTngHe.webp
saree_0196_QA254020.png,Pink  Silk Saree with Chevron Temple Border and Antique Zari QA254020,QA254020,https://byrappasilk.in/storage/uploads/ODbG6vZld8J9p5Yylv3zWNwchJHjSXiMNxnpfZn7.webp
saree_0197_QS267969.png,Banarasi Satin Saree Mauve with All-Over Geometric Zari QS267969,QS267969,https://byrappasilk.in/storage/uploads/LbAMqxDpI4dAr3R9KhVEbyOb3fwN0d9ilFdBEMIt.webp
saree_0198_QS248937.png,Banarasi Satin Saree Half White with All-Over Geometric Zari QS248937,QS248937,https://byrappasilk.in/storage/uploads/99GPFIwEvETHfQlU0MdL7ZlYaZut0HEAecQfugzF.webp
saree_0199_QS268580.png,Traditional Tussar Saree White with Red & Red Temple Border QS268580,QS268580,https://byrappasilk.in/storage/uploads/8y0x1On4gb1H9KVT7NOh4qTQo3Oba9kbAxvFsJXZ.webp
saree_0200_QS271147.png,Pure Silk Pink & Gold Saree with Zari Stripes QS271147,QS271147,https://byrappasilk.in/storage/uploads/9yrXJEEjpjltDnksTbAWGJnxefRZnYuDEy5uLz8N.webp
saree_0201_QS271185.png,Pure Silk Green & Gold Saree with Zari Stripes QS271185,QS271185,https://byrappasilk.in/storage/uploads/iACq3Tieg65gg5BMHigmouu63RQ2AeadSgnZvNRp.webp
saree_0202_QS268002.png,Semi Tussar Saree with Contrast Woven Check Blue QS268002,QS268002,https://byrappasilk.in/storage/uploads/BvXR89VroAcB3SsI5siftDc2VVkpXwi8wcyxOPAe.webp
saree_0203_QS270240.png,Traditional Silk Saree Rust Orange QS270240,QS270240,https://byrappasilk.in/storage/uploads/kjZvrKwH2v3yxGGJsq4Aw7gG9ybhIbuXrp4Wovpp.webp
saree_0204_QS273096.png,Banarasi Saree With Ready Blouse Green QS273096,QS273096,https://byrappasilk.in/storage/uploads/AQea2shvku55POIni1gZRdkaBn8e9ud5MyTUZS8Y.webp
saree_0205_QS273096.png,Banarasi Saree With Ready Blouse Yelow QS273096,QS273096,https://byrappasilk.in/storage/uploads/SuAkRTQNcNZNfH45EBDDOZZz19imOWu0QWjgMClk.webp
saree_0206_QS273096.png,Banarasi Saree With Ready Blouse Purple QS273096,QS273096,https://byrappasilk.in/storage/uploads/53EtAsZEZutDUFFb6e7cLlhKxHsVIwSTZemJ4Smz.webp
saree_0207_QS273096.png,Banarasi Saree With Ready Blouse Pink QS273096,QS273096,https://byrappasilk.in/storage/uploads/8pRKizMlDg3tv7c97JMqcQlPkdReMrpKbieTU7oO.webp
saree_0208_QS269985.png,Soft Organza White Saree QS269985,QS269985,https://byrappasilk.in/storage/uploads/hCot9YE7AXuLap37nfTa64KR5zD0PqXPtwrA2fQU.webp
saree_0209_QS267078.png,Kota Cotton Saree beige With Aplic Work QS267078,QS267078,https://byrappasilk.in/storage/uploads/ATmDpUkxBmS1Pk2Ezpe5YfYNsBvKthizwTl78p4t.webp
saree_0210_QS257887.png,Organza Tissue Saree - QS257887,QS257887,https://byrappasilk.in/storage/uploads/2XIpGuKHiGhydwwlmZlMdYWUagFVv3mAhpPA8nnG.webp
saree_0211_QS272039.png,Semi Linen Handloom Beige & Teal Border QS272039,QS272039,https://byrappasilk.in/storage/uploads/pardSZ7WKcNxrPrDU8qMNu1KTxa1jn2JJA7kpMJ4.webp
saree_0212_QS272039.png,Semi Linen Handloom Beige & Brown Border QS272039,QS272039,https://byrappasilk.in/storage/uploads/5I5j9hyIjWwQmDdeZsODwF56XksbcCWXR862wr0M.webp
saree_0213_QS272039.png,Semi Linen Handloom Beige & Gold Border QS272039,QS272039,https://byrappasilk.in/storage/uploads/d97QIWSmB2qRGMVlknDyvBePZFmK5qqoAf1tl5Pl.webp
saree_0214_QS272039.png,Semi Linen Handloom Beige & Maroon Border QS272039,QS272039,https://byrappasilk.in/storage/uploads/djOhhBOZjhyru8AzC9vq77x0bNETKe30w7WovrHA.webp
saree_0215_QS276111.png,Munga Reagal patola Traditional Bird & Floral QS276111,QS276111,https://byrappasilk.in/storage/uploads/OPtKn5dJvP5HLKyalGzpyAtMYBpySDvfHsj94swd.webp
saree_0216_QS275988.png,Munga Crape Saree Cream Colour - QS275988,QS275988,https://byrappasilk.in/storage/uploads/t64rSOCJvI6CVPatfK2As9Jxx2FB5q4AjGC8IeNu.webp
saree_0217_QS273703.png,Semi Tussar Saree Lime Green QS273703,QS273703,https://byrappasilk.in/storage/uploads/Ai2Wlk9bmho7RT70WWDfGqYQKzR67bueVTadXEch.webp
saree_0218_QS273703.png,Semi Tussar Saree Blue QS273703,QS273703,https://byrappasilk.in/storage/uploads/Yqlb643XIhm02QciToyzKsdRUFBljDLBGMC1z0M1.webp
saree_0219_QS273703.png,Semi Tussar Saree Hot Pink QS273703,QS273703,https://byrappasilk.in/storage/uploads/0tkgk8p0c4tKsDVr1LAKPV2iNZmxNYyFP65PyEGq.webp
saree_0220_QS273703.png,Semi Tussar Saree Deep Maroon QS273703,QS273703,https://byrappasilk.in/storage/uploads/eKVWn5tcR5HN7l0i0kn56DUSbW7bb8drWQ1qPIN4.webp
saree_0221_QS273703.png,Semi Tussar Saree Fuschia Pink QS273703,QS273703,https://byrappasilk.in/storage/uploads/EROH0L9lWsvTnPgdbD92KhEVC1ymPCfO4EuywCvb.webp
saree_0222_QS273703.png,Semi Tussar Saree Beige QS273703,QS273703,https://byrappasilk.in/storage/uploads/Mhee93lx81HJ7sdTBEPoBMkRrhi05LaFAdAM2ux1.webp
saree_0223_QS267818.png,Semi Tussar Saree Diagonal Strip Design Beige QS267818,QS267818,https://byrappasilk.in/storage/uploads/CMIHC0Da6YalK3fopnaWsLa5NM86xtCVjRJWfAYb.webp
saree_0224_QS267818.png,Semi Tussar Saree Diagonal Strip Design Green  QS267818,QS267818,https://byrappasilk.in/storage/uploads/L7xSjeQgLT6ti9QgPBTrIfuFz2UyNDjz7KKHzWCs.webp
saree_0225_QS267818.png,Semi Tussar Saree Diagonal Strip Design Ash Grey  QS267818,QS267818,https://byrappasilk.in/storage/uploads/exTXXsz63xpr18x9x0vih1vPt09aduaf2tvxMamq.webp
saree_0226_QS267818.png,Semi Tussar Saree Diagonal Strip Design Blue QS267818,QS267818,https://byrappasilk.in/storage/uploads/aNteUM2MporpoHj5i2vzrT8YyfxQm0pJMlEnWeZh.webp
saree_0227_QS267818.png,Semi Tussar Saree Diagonal Strip Design Dusty Pink QS267818,QS267818,https://byrappasilk.in/storage/uploads/gjhT5JviywHTcJFLNhq4e83v4ldZjwSUjrw0oo7r.webp
saree_0228_QS276427.png,Black saree With Orange Border QS276427,QS276427,https://byrappasilk.in/storage/uploads/oHbU50XsgxaOJ7WAcMgCxJPlDvI9WHsLgzhjH2oZ.webp
saree_0229_QW203322.png,Semi Kanjeevaram Saree Pink & Baby Pink Border QW203322,QW203322,https://byrappasilk.in/storage/uploads/Cy1dLoe6cvk7VMPkNKGsilRykLDdnZeJRKmVwiej.webp
saree_0230_QS225313.png,Semi Organza Saree - Black Colour QS225313,QS225313,https://byrappasilk.in/storage/uploads/nWHdIgpnOwN6ZYLtBuYcA9WOCvBwio5pLvyCG3Gl.webp
saree_0231_QS276337.png,Pure Tussar Saree Dusty Pink With Floral Print QS276337,QS276337,https://byrappasilk.in/storage/uploads/fUdpXqymA0YghvSCABaY6Xdon8LdfxQah5U0xnyp.webp
saree_0232_QS276340.png,Pure Tussar Saree Beige With Floral Print QS276340,QS276340,https://byrappasilk.in/storage/uploads/DenvTN1hQqdKvr7V3ZyqnrpOSJ5g0qoR6bAlk8Da.webp
saree_0233_QS276340.png,Pure Tussar Saree Mauve Brown With Floral Print QS276340,QS276340,https://byrappasilk.in/storage/uploads/nefXc65buxgRLKI6TkGF8j9KxB0R6ezQ1jnJSGLW.webp
saree_0234_QS276338.png,Pure Tussar Saree Deep Blue With Lotus Print QS276338,QS276338,https://byrappasilk.in/storage/uploads/q7blmTrzMprc7LqUdWc1YWHu91qJeyAD58H6bYyR.webp
saree_0235_QS276338.png,Pure Tussar Saree Yellow With Floral Print QS276338,QS276338,https://byrappasilk.in/storage/uploads/bTBkGH4kXXJ5vf4IwWrR8osCuCtVakFBGpM4omty.webp
saree_0236_QS276329.png,Pure Tussar Saree Black With Floral Print QS276329,QS276329,https://byrappasilk.in/storage/uploads/cdKNCzVsy9VxVnbCEWqSgOcS0zbAGvoqIZTazfpg.webp
saree_0237_QS279507.png,Satin Banarasi Saree Royal Blue With Zari Border QS279507,QS279507,https://byrappasilk.in/storage/uploads/6sEifh3v3iVdulWjzVB89GLpBqp14qEl4JIIDiIF.webp
saree_0238_QS279509.png,Satin Banarasi Saree Rani Pink With Zari Border QS279509,QS279509,https://byrappasilk.in/storage/uploads/sTSt2Kz31QOvBNAYBMe6Ti8mMavdfiB9vui0cK5w.webp
saree_0239_QS279518.png,Satin Banarasi Saree Wine With Zari Border QS279518,QS279518,https://byrappasilk.in/storage/uploads/kG7xrDqHhJ3eaLwWnMLQFNgqZPb0RrqgjYi9hjTy.webp
saree_0240_QS279486.png,Satin Banarasi Saree Bottle Green With Zari Border QS279486,QS279486,https://byrappasilk.in/storage/uploads/PUhAGKEIdlTf9q3lPLLKs2CFpGKsjjjT8NJz2tNH.webp
saree_0241_QS279507.png,Satin Banarasi Saree Royal Blue With Zari Border QS279507,QS279507,https://byrappasilk.in/storage/uploads/yHfRfTncpEpb6TvGpxteWxrFKt08k0ZvZ2YVxE3l.webp
saree_0242_QS279516.png,Satin Banarasi Saree Rani Pink With Zari Border QS279516,QS279516,https://byrappasilk.in/storage/uploads/hIp5PYUWXXtmtzpJPQr9uPbLPPRZwhabvjRLd1bB.webp
saree_0243_QS279517.png,Satin Banarasi SareeTeal Colour With Zari Border QS279517,QS279517,https://byrappasilk.in/storage/uploads/INQka2W2voUZpfvYTBLRzJqGuQKSkOZsKR6qsopV.webp
saree_0244_QS279525.png,Satin Banarasi Saree Bottle Green With Zari Border QS279525,QS279525,https://byrappasilk.in/storage/uploads/qpyOFemOy72ufvfc7SfLqCJA0WGWs6EvgBVIoBEH.webp
saree_0245_QS278259.png,Fancy Saree With Polka Dot Black & White QS278259,QS278259,https://byrappasilk.in/storage/uploads/9ln3VjgQ2UzVfGzp3jfj3oAp3mUFoXbjqVrXMwGd.webp
saree_0246_QS276305.png,Pure Tussar Saree Grey Floral With Orange Border QS276305,QS276305,https://byrappasilk.in/storage/uploads/fKXkoEE1MuV9lkGQaRE2TYODgu8JO0e01bUG5AF9.webp
saree_0247_QS276306.png,Pure Tussar Saree Yellow Floral With Pink BorderQS276306,QS276306,https://byrappasilk.in/storage/uploads/MjUGc7M9jKKBTRC0oOnpisDmmFMIpbDT44TEJRab.webp
saree_0248_QS276305.png,Pure Tussar Saree Pink Floral With Yellow BorderQS276305,QS276305,https://byrappasilk.in/storage/uploads/DR2XlGVvbCZLROWPMr0JHz0vB2hw9DGMb2pLVu1O.webp
saree_0249_QS279486.png,Satin Banarasi Saree Royal Blue With Zari Border  QS279486,QS279486,https://byrappasilk.in/storage/uploads/5Vuip33R3SG7SwQ9V59wwf04Q85DIE061NZCyHwr.webp
saree_0250_QS279486.png,Satin Banarasi Saree Bottle Green With Zari Border QS279486,QS279486,https://byrappasilk.in/storage/uploads/6Os85rHxbJ2rf2ohwZPVHspfk3rbZSdfLFEkMIbL.webp
saree_0251_QS279484.png,Satin Banarasi Saree Black With Zari Border QS279484,QS279484,https://byrappasilk.in/storage/uploads/o4mbjlp0PF9vhstedSdxCkXGP0T5uP869IupFTqO.webp
saree_0252_QS279512.png,Satin Banarasi Saree Royal Blue With Zari Border QS279512,QS279512,https://byrappasilk.in/storage/uploads/n7mx8kyziUpLvJZjQWtJ6YL89ms747me8onsWmU2.webp
saree_0253_QS279511.png,Satin Banarasi Saree Rani Pink With Zari Border QS279511,QS279511,https://byrappasilk.in/storage/uploads/j1CboIpNaEt8hRyOciwTi3HYT5Mx6bxcrFf2Ijph.webp
saree_0254_QS259510.png,Satin Banarasi Saree Black With Zari Border QS259510,QS259510,https://byrappasilk.in/storage/uploads/oSgVihf0kLbGG2R3QDpSvSsvctVbr6AmtsPjLcb6.webp
saree_0255_QS279699.png,Pure Tussar Saree With Meenakari Work Bottel Green Colour QS279699,QS279699,https://byrappasilk.in/storage/uploads/o9RMJRJYf2cMcMoNxcN4SdiiA6mu7Rnlw462yc9y.webp
saree_0256_QS279697.png,Pure Tussar Saree With Meenakari Work Purple Colour QS279697,QS279697,https://byrappasilk.in/storage/uploads/TYAobQXH9fTvQ6kCgW9ES7Kt1SZWgzPafGLuZ8Hm.webp
saree_0257_QS279691.png,Pure Tussar Saree With Meenakari Work Black Colour QS279691,QS279691,https://byrappasilk.in/storage/uploads/fYK6mTlrutVyiXms4oA93pgCgZNH5kiqUkfbHNW0.webp
saree_0258_QS279695.png,Pure Tussar Saree With Meenakari Work Deep Purple Colour QS279695,QS279695,https://byrappasilk.in/storage/uploads/vux05wvZQjIj5nztQimxgVbk8zVM6APLPjcoMlzq.webp
saree_0259_QS279693.png,Pure Tussar Saree With Meenakari Work Black Colour QS279693,QS279693,https://byrappasilk.in/storage/uploads/1mhUNZF1mRSNvVNWXojqvqdtRYqHVmOmrmzNwypA.webp
saree_0260_QS280181.png,Raw Silk with Cut Work White Saree QS280181,QS280181,https://byrappasilk.in/storage/uploads/TslZFTG3FI9gJQ7weXAirvj8jwDBKe5bJ1JiCEPL.webp
saree_0261_QS280192.png,Raw Silk with Cut Work Black Saree QS280192,QS280192,https://byrappasilk.in/storage/uploads/rW7EwgZVrprWiv5YQgyQU8GUC0JNbdzOkYam9yVi.webp
saree_0262_QS279682.png,Pure Satin Banarasi Royal Blue & Black Striped Saree QS279682,QS279682,https://byrappasilk.in/storage/uploads/WupM8AFxnfTothXrgfxSRFKFU52bgTNVws9UmkDw.webp
saree_0263_QS279681.png,Pure Satin Banarasi Regal Purple & Black Striped Saree QS279681,QS279681,https://byrappasilk.in/storage/uploads/qKmlY44LF7pKzcUiUFtC30knTFxOGY0CcIvW8uTr.webp
saree_0264_QS280429.png,Pure Organza Pink Aplic Work Saree QS280429,QS280429,https://byrappasilk.in/storage/uploads/VgQschzZkImUEnZsdyJ9qxMfBp9Hm6xL5iLEf0Jn.webp
saree_0265_QS280443.png,Pure Organza Green  Aplic Work Saree. QS280443,QS280443,https://byrappasilk.in/storage/uploads/LVQMonEUekL57frOELbtyZhKOwWsN05wbS8VESPa.webp
saree_0266_QW203833.png,KADIYAL MIX SEMI SILK  Lavender and Orange QW203833,QW203833,https://byrappasilk.in/storage/uploads/ar9022dJPhepMRFbqctcTOdsTht4zRY8YaM3Mq9m.webp
saree_0267_QW203831.png,KADIYAL MIX SEMI SILK Green and Pink QW203831,QW203831,https://byrappasilk.in/storage/uploads/lP5BOgNsr9r42HIowVhJAuIFUy6iFPIfhp4fk517.webp
saree_0268_QW203834.png,KADIYAL MIX SEMI SILK  Brown and Pink QW203834,QW203834,https://byrappasilk.in/storage/uploads/hjgkqIcvufL2yzWB6UrGXqw65hcZE3ljhnDQmdLL.webp
saree_0269_QW203832.png,KADIYAL MIX SEMI SILK Black and Pink QW203832,QW203832,https://byrappasilk.in/storage/uploads/OXiSX8wrtAOe8ZBOCPrOEqq1AXmHyjFnw3nOYlmR.webp
saree_0270_QW203830.png,KADIYAL MIX SEMI SILK  Brown and Mustard QW203830,QW203830,https://byrappasilk.in/storage/uploads/ZhEOqUAbK9Wl8doy3lZDtaNj1aUgWUFVefaXyPk1.webp
saree_0271_QW203835.png,KADIYAL MIX SEMI SILK  Rust Orange and Maroon QW203835,QW203835,https://byrappasilk.in/storage/uploads/NdPgmZGIKt6D8EaFxlMk8Q3sDvihILywYTO16UHm.webp
saree_0272_QW203836.png,KADIYAL MIX SEMI SILK  White and Wine QW203836,QW203836,https://byrappasilk.in/storage/uploads/8xDejexmsJoljoxuO3qk8nU68OIrZW10mftGEdO2.webp
saree_0273_QS267961.png,Banarasi Satin Saree Pink with All-Over Geometric Zari QS267961,QS267961,https://byrappasilk.in/storage/uploads/La19HFPVkPVd0GhfUn3CL53PLUsOvWxM2CQJp4fX.webp
saree_0274_QS248942.png,Banarasi Satin Saree Mint Green with All-Over Geometric Zari QS248942,QS248942,https://byrappasilk.in/storage/uploads/TcbstQhG3mutUYSweRYcwbNfUC704W7oSQpXGIBB.webp
saree_0275_QW203322.png,Semi Kanjeevaram Saree Redish Orange & pink Border QW203322,QW203322,https://byrappasilk.in/storage/uploads/4D1imDr3pTCSiXCg7GbHnItFirGFz0HniTfJnr6t.webp
saree_0276_QS281932.png,Banarasi saree With Gold Zari Maroon Colour QS281932,QS281932,https://byrappasilk.in/storage/uploads/zoyy0s24DG9WSIA0DwKXx8dwPT4RbFRqRFkLp299.webp
saree_0277_QS279684.png,Pure Handloom Banaras Saree Black QS279684,QS279684,https://byrappasilk.in/storage/uploads/K25HJxAUCvlQoBPO7n3kgq86L9QVB4AhnjCsHtW1.webp
saree_0278_QS279683.png,Pure Handloom Banaras Saree Black QS279683,QS279683,https://byrappasilk.in/storage/uploads/pKUYzSgdoAw93LS8uRo0cUc5WQDrCySpi3HP1wMA.webp
saree_0279_QS232229.png,Pure Kathan Banaras Black Saree QS232229,QS232229,https://byrappasilk.in/storage/uploads/jQ05uZJ6ElkYiufctpfQPQKNlrkcnfmyE6pnxzYk.webp
saree_0280_QS279573.png,Organza Saree White - Colour QS279573,QS279573,https://byrappasilk.in/storage/uploads/qA6qjzbcQAajl5KOLrg074Jge9LsiRGlwVM70ieu.webp
saree_0281_QS279688.png,Pure Kathan Banaras Black Saree QS279688,QS279688,https://byrappasilk.in/storage/uploads/Q7FfUiiORVWyb13UoAieaYNIlLTpCpfMv90lJb3f.webp
saree_0282_QS279687.png,Pure Kathan Banaras Black Saree QS279687,QS279687,https://byrappasilk.in/storage/uploads/SkS0gj35TtTelnT9P1bMrPS5v9qDlb7upphaqnrl.webp
saree_0283_QS279686.png,Pure Kathan Banaras Black Saree QS279686,QS279686,https://byrappasilk.in/storage/uploads/7V7MAR0ECUsoL7bbXd3fDaMOWVIxKZUn9b4tm3hw.webp
saree_0284_QS280547.png,Pure Banaras saree With Gold Zari Floral Work Red Colour QS280547,QS280547,https://byrappasilk.in/storage/uploads/lg4v4fomANQwbx5o9uYAdd8mgGq8tTiofhvxiv6i.webp
saree_0285_QS280545.png,Pure Banaras saree With Gold Zari Floral Work Black Colour QS280545,QS280545,https://byrappasilk.in/storage/uploads/R5CTduIPdFmVj1pFok4ZBQibfyMAVDNJ36pKpN8o.webp
saree_0286_QS280548.png,Pure Banaras saree With Gold Zari Floral Work Pink Colour QS280548,QS280548,https://byrappasilk.in/storage/uploads/1wToQbMTvOlpb0JzIFwMj3l7MeQDmBz9ZO28klbW.webp
saree_0287_QS280544.png,Pure Banaras saree With Gold Zari Floral Work Olive Green Colour QS280544,QS280544,https://byrappasilk.in/storage/uploads/VL6y5EqjQ7dCY8tfkWxPYiMPVU3pCT8Szs9c2xWT.webp
saree_0288_QS278727.png,Pure Tussar saree With Hand Work Onion Pink QS278727,QS278727,https://byrappasilk.in/storage/uploads/G0Sedyv4Ev0w1qMBy1XJyyRqXemKocxrEdivAyt6.webp
saree_0289_QS28743.png,Navy Blue Pure Mysore Silk Saree with Golden Checks and Border QS28743,QS28743,https://byrappasilk.in/storage/uploads/b4KWODI1PkcGUoJ3Or4NmDUizIA992k9Yunf7R1X.webp
saree_0293_QS282588.png,Tissue Saree With Floral & Bird Printed QS282588,QS282588,https://byrappasilk.in/storage/uploads/49XTu90mcqdRKBgJwvq0lRh1rXFwx9DsJ5mKzgGz.webp
saree_0294_QS282374.png,Organza saree White QS282374,QS282374,https://byrappasilk.in/storage/uploads/jZJZi5ztqYW9WHVrRZKpxPi1BVDJ9tWXzF341bxa.webp
saree_0295_QS280213.png,Organza saree Bird Motif Beige Colour QS280213,QS280213,https://byrappasilk.in/storage/uploads/pyish2oYNjDzj7gPygMCneC97U0iEakF3jMNMMWw.webp
saree_0296_QS280213.png,Organza saree Bird Motif Mint Green Colour QS280213,QS280213,https://byrappasilk.in/storage/uploads/tYJygXBHsBge7An0axVYuaqngaTlTsL3l9ZEvyJF.webp
saree_0297_QS279559.png,Organza Saree With Peacock Design QS279559,QS279559,https://byrappasilk.in/storage/uploads/ryqMYhL1P2ePX3DkPA1XeeLUDyg5T42f8gU5wZE1.webp
saree_0298_QS281398.png,Organza Saree With Peacock Design QS281398,QS281398,https://byrappasilk.in/storage/uploads/vmns3YNOjzWy5CCXkevN4J35GeNXiK5O4Uu7uCRk.webp
saree_0299_QS283764.png,Banaras Saree Pink & Gold QS283764,QS283764,https://byrappasilk.in/storage/uploads/3gv1T05P1uOt14GkB3hUXd8Skk4kLy8A34B0YVBp.webp
saree_0300_QS283746.png,Banaras Saree Yellow & Gold QS283746,QS283746,https://byrappasilk.in/storage/uploads/wKHgMp0sum77UutcnYAWAy8GZFkvqFTvS7DDzgGO.webp
saree_0301_QS283097.png,Handloom Pure Silk Sarees QS283097,QS283097,https://byrappasilk.in/storage/uploads/2cY8xTL5a5FtesY4sA6S3JEpIGPfZcVoNRQWCcH9.webp
saree_0302_QS283092.png,Handloom Pure Silk Saree QS283092,QS283092,https://byrappasilk.in/storage/uploads/Tc39sCX681MlPqNq1VHl1l6c6OPw3qJaxlH1yg5u.webp
saree_0303_QS283099.png,Handloom Pure Silk Sarees QS283099,QS283099,https://byrappasilk.in/storage/uploads/MwMqZeeGYl9JqHVv3PPTCQptiZY8bTIHzzsvOmHf.webp
saree_0304_QS276178.png,Handloom Pure Silk Saree QS276178,QS276178,https://byrappasilk.in/storage/uploads/QuUabpBoZhwhL7xlrfa644INbMYdfRlpWJcmcJOW.webp
saree_0305_QS283458.png,Pure Mysore Silk Saree Small Zari Checks Pink Colour QS283458,QS283458,https://byrappasilk.in/storage/uploads/ibPzqbqL9ZtW9BkWsAgOMT4qnXhV2GV8ziLxl1qm.webp
saree_0306_QS283452.png,Pure Mysore Silk Saree Small Zari Checks Rose Pink Colour QS283452,QS283452,https://byrappasilk.in/storage/uploads/mUuX0JsT6mQiGN4molC4IcPmqNj8ZDoe9kshKMyH.webp
saree_0307_QS283456.png,Pure Mysore Silk Saree Small Zari Checks Slate Grey QS283456,QS283456,https://byrappasilk.in/storage/uploads/juzwM07WBumj7im6FTleHutCX8GA1RrPFqimsweQ.webp
saree_0308_QS280172.png,Organza saree White Colour QS280172,QS280172,https://byrappasilk.in/storage/uploads/0vlTYGyO9Ck9Id5Zp42ZooPUDicDvKH4xlNLXK7J.webp
saree_0309_QS284400.png,Pure Mysore Silk Saree Blue & Off-White QS284400,QS284400,https://byrappasilk.in/storage/uploads/LEV5hA1Kf0n0mCi40ElG94tYB340qWTwBKf6uCqH.webp
saree_0310_QS284400.png,Pure Mysore Silk Saree Yellow & Off-White QS284400,QS284400,https://byrappasilk.in/storage/uploads/fNRgMrm95uuHAAJBRNbTtWi8V5lJVyIY1GqiqHfB.webp
saree_0311_QS284400.png,Pure Mysore Silk Saree Green & Off-White QS284400,QS284400,https://byrappasilk.in/storage/uploads/REBHdXRuvfKeOcI5dJhEy8z0qb8tvq8k8HL5Z28D.webp
saree_0312_QS284400.png,Pure Mysore Silk Saree Brown & Off-White QS284400,QS284400,https://byrappasilk.in/storage/uploads/dtza5WXh6392hdUEdFtoaHglrwUIIQuEQw5Ec6Ft.webp
saree_0313_QS284400.png,Pure Mysore Silk Saree Lime Green & Off-White QS284400,QS284400,https://byrappasilk.in/storage/uploads/GvnF9Y0Ss5yq2JP8Q5yLOqoB9O09wlcmjAFxej5t.webp
saree_0314_QS284400.png,Pure Mysore Silk Saree Pink & Off-White QS284400,QS284400,https://byrappasilk.in/storage/uploads/XvMsBt68mmAlqI0pm9ODWFuNbopuiOlNH6dK0hD2.webp
saree_0315_QW203322.png,Semi Kanjeevaram In Rust Orange & Maroon Border QW203322,QW203322,https://byrappasilk.in/storage/uploads/8ODntWfCAhVdHXoXhTn3gFKuhFSaCSPfyehlEBRb.webp
saree_0316_QS286050.png,Banarasi Saree Animal Motifs Cream & Pink Border QS286050,QS286050,https://byrappasilk.in/storage/uploads/4BfS9rRMZxIh1WXwEksx5msOCvLYvsv3ROHmJpyM.webp
saree_0317_QS279600.png,Pure Organza saree With Banarasi Border QS279600,QS279600,https://byrappasilk.in/storage/uploads/3yXpgtmQyuaWTm0Q4nld81hoUT654LuGc46i841D.webp
saree_0318_QS279600.png,Pure Organza saree With Banarasi Border QS279600,QS279600,https://byrappasilk.in/storage/uploads/tQOlGaWAjLQQBizIZIS5IiJGkZ6mVA0PFQUNT4Jv.webp
saree_0319_QS279600.png,Pure Organza saree With Banarasi Border QS279600,QS279600,https://byrappasilk.in/storage/uploads/HJ5WOg6jerX57Aj1EuMDQOnAOeQcfTlbacATysl2.webp
saree_0320_QS284694.png,Satin Saree With Parrot Pallu QS284694,QS284694,https://byrappasilk.in/storage/uploads/458V1fq9hYXQhh35405MsSEvEw4eGv55oY9CM85v.webp
saree_0321_QS282585.png,Pure Kathan Banaras Vibrant Multi Colour Striped Saree QS282585,QS282585,https://byrappasilk.in/storage/uploads/DSz3nLVkPeSJ54WDTglrjns3l2aekgkrKbO9v53G.webp
saree_0322_QS286265.png,Tussar saree Thread Work Black Colour QS286265,QS286265,https://byrappasilk.in/storage/uploads/Eh5ZOCrZ24zznolV6fT05fwcLHp3gf93GEN3bCWE.webp
saree_0323_QS286265.png,Tussar saree Thread Work Cream Colour QS286265,QS286265,https://byrappasilk.in/storage/uploads/o5ltHaMYP8NxdcfxidIX3P4qNdLJ23SX0pKNY3bS.webp
saree_0324_QS286172.png,Semi Tussar Saree With Lotus Print Yellow Colour QS286172,QS286172,https://byrappasilk.in/storage/uploads/Aq4twDuYkXSQzzfISAZMfARW1RoGMRvo2xr6bcQY.webp
saree_0325_QS286173.png,Semi Tussar Saree With Lotus Print Mauve Brown Colour  QS286173,QS286173,https://byrappasilk.in/storage/uploads/u0vwtjhkkstqdNVI4NzQiPCikcBGG3VjFJZxItsa.webp
saree_0326_QS286173.png,Semi Tussar Saree With Lotus Print Pink Colour QS286173,QS286173,https://byrappasilk.in/storage/uploads/8ysBXUo0Q4G1hMEfrEL6bi2fVAS0mzYk3l6y1CMK.webp
saree_0327_QS286254.png,Semi Tussar Saree With Floral Print Black Colour QS286254,QS286254,https://byrappasilk.in/storage/uploads/TIpDagoUIvMOXCwseQvNlJDVL6Wjye2JYWXc9WKY.webp
saree_0328_QS286254.png,Semi Tussar Saree With Floral Print Cream Colour QS286254,QS286254,https://byrappasilk.in/storage/uploads/3tihByQewfGvJaeG3Usv3id9Ay1jT3XoB43vuQo9.webp
saree_0329_QS286226.png,Semi Tussar Saree With Floral Print Purple Colour QS286226,QS286226,https://byrappasilk.in/storage/uploads/TTuksNGkwEa5mG3KT2N6jCXatCaYb4CVG8HS8FzW.webp
saree_0330_QS286255.png,Organza Saree With Floral Print Onion Pink Colour QS286255,QS286255,https://byrappasilk.in/storage/uploads/cQ1lHVCfN0aiqMPH171MJqlchym0u8wy0XalB1Sl.webp
saree_0331_QS286066.png,Bandhani Banaras Saree With Meenakari Work Yellow Colour QS286066,QS286066,https://byrappasilk.in/storage/uploads/Qat0qX2fH7z6nUge2dnwMTDKHpLSaNm1kV38hB3f.webp
saree_0332_QS286066.png,Bandhani Banaras Saree With Meenakari Work Cream Colour QS286066,QS286066,https://byrappasilk.in/storage/uploads/AXl3NEqS8H1UhNimxCq1kxEGQXuwJTfDE2GzHmEz.webp
saree_0333_QS286146.png,Tussar Saree Maroon Saree QS286146,QS286146,https://byrappasilk.in/storage/uploads/sM3ljTOirCKD3SpfxlgmghcUIcTQ2NPZ29YzSNma.webp
saree_0334_QS286142.png,Tussar Saree Green QS286142,QS286142,https://byrappasilk.in/storage/uploads/d9fB2xdnqtNNdSWRnSroorIreWO240skYBJWXt0F.webp
saree_0335_QS286148.png,Tussar Saree Wine QS286148,QS286148,https://byrappasilk.in/storage/uploads/8WE4Havn8ZE8lod6OdG7ag87hjuRvsDz0Luzm9E4.webp
saree_0336_QS286138.png,Tussar Saree Red QS286138,QS286138,https://byrappasilk.in/storage/uploads/NIQ86SCWNovlKFZ26ICxln9FjLUG4RahBUG0kZuK.webp
saree_0337_QS286139.png,Tussar Saree Teal QS286139,QS286139,https://byrappasilk.in/storage/uploads/fTy33nr8is8L6owOD24Ms1Qq6lZJ1sEps8spbAAj.webp
saree_0338_QS286135.png,Tussar Saree Mustard QS286135,QS286135,https://byrappasilk.in/storage/uploads/upKm2OhaRTIW5rMgzmPrxlOYFR149NoGa91iYjMG.webp
saree_0339_QS286499.png,Habutai Saree Black QS286499,QS286499,https://byrappasilk.in/storage/uploads/F0QMaE4D25mGkaHS6NZX0TvcSM0LHsuL2YgYL0hU.webp
saree_0340_QS286489.png,Habutai Saree Blue QS286489,QS286489,https://byrappasilk.in/storage/uploads/DvjcNYjsCU13RhsASc1SDFVPmyzR3C01CnAp0Mjg.webp
saree_0341_QS286477.png,Habutai Saree Reddish Pink QS286477,QS286477,https://byrappasilk.in/storage/uploads/VvtmdtwGbbLt3ckRxbINt25pOiD0qwiwbArBl9Uz.webp
saree_0342_QS286495.png,Habutai Saree Maroon QS286495,QS286495,https://byrappasilk.in/storage/uploads/E2Pkv6at3raOuCBn4HC2M9CazSCVPhbkoyBWQWd8.webp
saree_0343_QS286498.png,Habutai Saree Green QS286498,QS286498,https://byrappasilk.in/storage/uploads/XVe42gXxyueia9o3msX2pZWgy7jsQBAoa0VLYN3v.webp
saree_0344_QS286486.png,Habutai Saree Orange QS286486,QS286486,https://byrappasilk.in/storage/uploads/Rk0Szbdcr0wep3XSdBGTuvM2mIt0PyYf14yUUlb3.webp
saree_0345_QS286477.png,Habutai Saree Parrot Green QS286477,QS286477,https://byrappasilk.in/storage/uploads/eHCVslgx61rb3Mr80gBRMPPODaBWijuPVEJCVltH.webp
saree_0346_QS286634.png,Satin Saree With Black & White Stripes with Pink Flower Print QS286634,QS286634,https://byrappasilk.in/storage/uploads/uYdRqJGhXqNW2joRx5zHVxNsPFhHozeX0ozaPMfp.webp
saree_0347_QS286689.png,White with Circle Print QS286689,QS286689,https://byrappasilk.in/storage/uploads/q0qEIejh2ZMbtMVftp2qM7o5SkxHhhlNRrMIPLHk.webp
saree_0348_QS284767.png,Shimmer saree Off White QS284767,QS284767,https://byrappasilk.in/storage/uploads/CHI58NOWHLZ6eqWBRRsKwzq3L3IagNUriBkkxFiN.webp
saree_0349_QS286124.png,Semi Tussar Saree Embroidery Work Black Colour QS286124,QS286124,https://byrappasilk.in/storage/uploads/xImzWTqLHqqSBa7ZNAmjiMRMwXWbMzxLVs3FVDZw.webp
saree_0350_QS286124.png,Semi Tussar Saree Embroidery Work Ivory Colour QS286124,QS286124,https://byrappasilk.in/storage/uploads/4ajHDWbsb1HUNipeWW5WYZuOwuyjHKa4x47MD0Mm.webp
saree_0351_QS288746.png,Chiffon Saree Black Colour QS288746,QS288746,https://byrappasilk.in/storage/uploads/hjINgySv7EMltOtal3mppjgK227hvdoE49tHq0oQ.webp
saree_0352_QS215500.png,Ajrakh Printed Fancy Saree QS215500,QS215500,https://byrappasilk.in/storage/uploads/r4YmmgB3edhgiyUuX9o9CZhal7394X9y2BUpI44u.webp
saree_0353_QS215500.png,Ajrakh Printed Fancy Saree QS215500,QS215500,https://byrappasilk.in/storage/uploads/VlPTiLVKvouMVracMtqNBprb8wWSrO5CJnT6IvL6.webp
saree_0354_QS215500.png,Ajrakh Printed Fancy Saree QS215500,QS215500,https://byrappasilk.in/storage/uploads/QLy2HndxVHGP6puI9ahSZgQweQRB50EoAx77auOg.webp
saree_0355_QS289638.png,Mysore Silk With Jhumka Saree QS289638,QS289638,https://byrappasilk.in/storage/uploads/WzK0Hx6pFpNXnOoZrQrgCqjDZcxJ4eia2u9yXEwe.webp
saree_0356_QS268002.png,Semi Tussar Saree with Contrast Woven Check Maroon QS268002,QS268002,https://byrappasilk.in/storage/products/featured/featured_6a6871735c40c.webp
saree_0357_QS268002.png,Semi Tussar Saree with Contrast Woven Check Olive Green QS268002,QS268002,https://byrappasilk.in/storage/products/featured/featured_6a68713c1e491.webp
saree_0358_QS268002.png,Semi Tussar Saree with Contrast Woven Check  Magenta QS268002,QS268002,https://byrappasilk.in/storage/products/featured/featured_6a68710ec2937.webp
saree_0359_QS268002.png,Semi Tussar Saree with Contrast Woven Check Metallic Golden QS268002,QS268002,https://byrappasilk.in/storage/products/featured/featured_6a686f9b54d55.webp
saree_0360_QS288187.png,Stripes Purple Saree with Rising Border QS288187,QS288187,https://byrappasilk.in/storage/uploads/7Cj1qazPHIdeZrBOWfWvjiMvQs7KqQqfu2JP7ey7.webp
saree_0361_QS288188.png,Stripes Black Saree with Rising Border QS288188,QS288188,https://byrappasilk.in/storage/uploads/UCJk9qffhpEv8ph3UXEDAaMkn1dOZ17IIGxR1HPw.webp
saree_0362_QS288189.png,Stripes Red Saree with Rising Border QS288189,QS288189,https://byrappasilk.in/storage/uploads/u2lQCvzgwVUJ0mAO7IP66ILttdrrCDINVmkYNuLr.webp
saree_0363_QS287711.png,Tussar Saree With Meenakari Work Grey Saree with Bird Design QS287711,QS287711,https://byrappasilk.in/storage/uploads/RM5IIMpfhfVZOKWJjxNiMu1n0L51bCuEwMVK5KS1.webp
saree_0364_QS287706.png,Tussar Saree With Meenakari Work Cream Saree with Bird Design QS287706,QS287706,https://byrappasilk.in/storage/uploads/5XnZyP2cxf83doJTyQA76r2X4grFWbi66ZNEkEWU.webp
saree_0365_QS287712.png,Tussar Saree With Meenakari Work Black Saree with Bird Design QS287712,QS287712,https://byrappasilk.in/storage/uploads/7AZmD1meU45IOhPbKzM7uevf89mWeULi5NfG1uBe.webp
saree_0366_QW205692.png,Cocktail saree Orange with Sequence & Blouse QW205692,QW205692,https://byrappasilk.in/storage/uploads/bBHAKpEj4CFSEGpIyMOFXDa25nB9pjn4wIIS0hbh.webp
saree_0367_QW205693.png,Cocktail saree purple with Sequence & Blouse  QW205693,QW205693,https://byrappasilk.in/storage/uploads/1zoPwrYjL2IDkMt7nEhSoTyi0sLazJHUAMowf2Z4.webp
saree_0368_QS288533.png,Pink Saree with Intricate Design QS288533,QS288533,https://byrappasilk.in/storage/uploads/fzC9siPxIeLiR7lqNS4VncRA8MdpP33Stp7UKLhT.webp
saree_0369_QS281720.png,Floral Design on Beige Saree QS281720,QS281720,https://byrappasilk.in/storage/uploads/HlsgjiFN3TQGJgSCrgU2r9LZVJJg015aZEiNFNKE.webp
saree_0370_QS281718.png,White Saree with Pink Rose Print QS281718,QS281718,https://byrappasilk.in/storage/uploads/w1sNSG5pOfyloa0khaz6T1mfSCdWOplcKZG5qrwM.webp
saree_0371_QS283954.png,Linen White with Multiple Colour floral Print QS283954,QS283954,https://byrappasilk.in/storage/uploads/SpchcY7oPK4b1MvLZfHaizzZd6VyqOZk70EbzwUQ.webp
saree_0372_QS283955.png,Linen White with Blue and pink Colour floral Print QS283955,QS283955,https://byrappasilk.in/storage/uploads/73zLfGhxmI9b0Mvl2LK12SA3jC5WefL3INvHsijg.webp
saree_0373_QS283511.png,Linen White with Red Floral Designs QS283511,QS283511,https://byrappasilk.in/storage/uploads/JtAzWqxB9BxoSg2L8OwefhTCL7GWHfTRrziisJOu.webp
saree_0374_QS278730.png,Pure Tussar saree Black with Embroidery  QS278730,QS278730,https://byrappasilk.in/storage/uploads/LSa7HBm5K6RiNDaRbV56QuaWHs0SKf3AFbJcd6au.webp
saree_0375_QS289811.png,Printed Saree with Zari Pallu Purple  QS289811,QS289811,https://byrappasilk.in/storage/uploads/7wzkgtFquyWer12B3F815bmqhn3MmdniQfLxerP7.webp
saree_0376_QS289836.png,Printed Saree with Zari Pallu Blue  QS289836,QS289836,https://byrappasilk.in/storage/uploads/xfWnT2XYCkoo7eHksn2fN4787z9anJ0AmBPj1GZx.webp
saree_0377_QS289822.png,Printed Saree with Zari Pallu Mustard QS289822,QS289822,https://byrappasilk.in/storage/uploads/Vro6FiSp1wmFbRcYp0gIUzE3lGJ96B6OMesyb5CB.webp
saree_0378_QS289835.png,Printed Saree with Zari Pallu Orange QS289835,QS289835,https://byrappasilk.in/storage/uploads/GPhXqt5zb5TlJ3qi8BxuIZu1BkvuSAzvsVKIfPrX.webp
saree_0379_QS289820.png,Printed Saree with Zari Pallu Black  QS289820,QS289820,https://byrappasilk.in/storage/uploads/ETTqWDbksJpjRlkPtzDYvqPohlXJA4ufI4T8ys59.webp
saree_0380_QS273703.png,Semi Tussar Saree Grey-Blue QS273703,QS273703,https://byrappasilk.in/storage/uploads/b0dOZAo1hdWY9uYRXb4GkF0F0FHeUKdn0LbQlugz.webp
saree_0381_QS273703.png,Semi Tussar Saree Blue  Stripes QS273703,QS273703,https://byrappasilk.in/storage/uploads/NhlUJk0nVMYwOlW8H9KAGBCJF6AByvZ2kefSbp3W.webp
saree_0382_QS273703.png,Semi Tussar Saree Blue with small Butti QS273703,QS273703,https://byrappasilk.in/storage/uploads/ZC0hBU5NRikUsJmSdhwb6s2lVK0Sb6rOk5aTuuj9.webp
saree_0383_QS283982.png,Pochampally Saree Olive Off White & Pink Border QS283982,QS283982,https://byrappasilk.in/storage/uploads/oNQExRbRMvtfzENRaJ71c2omcaQbhNW3anjaoVIy.webp
saree_0384_QS283982.png,Pochampally Saree Grey  & Maroon Border QS283982,QS283982,https://byrappasilk.in/storage/uploads/I1SFjwvaEWfX1eFLg23LuLVxC6kGOnCCVBPU3Z2W.webp
saree_0385_QS283987.png,Pochampally Saree pink & Green Border QS283987,QS283987,https://byrappasilk.in/storage/uploads/Y4Nv8KIGxVM1iOmLAfMYAFhMO6YMBiCQkTLBEz7c.webp
saree_0386_QS287813.png,Party Wear  Saree Off White QS287813,QS287813,https://byrappasilk.in/storage/uploads/xPGOF6kaIQZFzKMCTGw47ct8cZ1990LUeJeq9hbN.webp
saree_0387_QS286437.png,Pure Kanjeevaram silk Saree QS286437,QS286437,https://byrappasilk.in/storage/uploads/K1uRRFPjC6oXDaZiyWfl7KQisAU6e9EGOx0qmMzx.webp
saree_0388_QS263857.png,Ajrakh Print Sarees off white & Black QS263857,QS263857,https://byrappasilk.in/storage/uploads/pYyUzZh2lPSpq5ShWdOqU2SaRuDZD6tMD6UR0Elz.webp
saree_0389_QS290723.png,Mysore Silk Pure Crape Black & Cyan QS290723,QS290723,https://byrappasilk.in/storage/uploads/0C5Bd2xCLH02VXfUp4eR6OnumKS1ojXUpsEoMvjK.webp
saree_0390_QS256493.png,Pure Kanjeevaram Saree Beige & Red QS256493,QS256493,https://byrappasilk.in/storage/uploads/O8Ew2nY6uG93Mw0Ij2JWygaFK26VV5b76Cmy6cJZ.webp
saree_0391_QS286907.png,Tussar Saree With Pichwai Design Red QS286907,QS286907,https://byrappasilk.in/storage/uploads/XkbWK76aB3ahQixOy28b4bfaDmr8tyAZLchxS9Jq.webp
saree_0392_QS289745.png,Tussar Saree With Pichwai Design Teal Blue QS289745,QS289745,https://byrappasilk.in/storage/uploads/WWXEwN92DkBcdUKZX0xyqTfU2veTX09I1fRiqle8.webp
saree_0393_QS289742.png,Tussar Saree With Pichwai Design Yellow QS289742,QS289742,https://byrappasilk.in/storage/uploads/XieyYON1toWFWiCOHnk05OdTnL5OCyg1fphXM6mQ.webp
saree_0394_QS289728.png,Tussar Saree With Pichwai Design Black QS289728,QS289728,https://byrappasilk.in/storage/uploads/o8zlzYDeEBs2qiHdFUdMb3fHNcxGfAA7yqDTkokj.webp
saree_0395_QS289745.png,Tussar Saree With Pichwai Design Pink QS289745,QS289745,https://byrappasilk.in/storage/uploads/1nzjoXjUgm3RPcc83FdBSElyK0sDui0bElpDWPET.webp
saree_0396_QS289726.png,Tussar Saree With Pichwai Design White QS289726,QS289726,https://byrappasilk.in/storage/uploads/g27m7K1zfQcjec1Bk6lb95K3Nq58cjHJJfFNS3lP.webp
saree_0397_QS289725.png,Tussar Saree With Pichwai Design Wine QS289725,QS289725,https://byrappasilk.in/storage/uploads/Glyb7ySvTM8684jMvKNA98ceH25SelcTEBL3RhnI.webp
saree_0398_QS286907.png,Banarasi Saree With Jaal Work Red QS286907,QS286907,https://byrappasilk.in/storage/uploads/MxqYN4IYz1GF0JcQWe9CRvq47rdODW6LJCB8qRQJ.webp
saree_0399_QS286914.png,Banarasi Saree With Jaal Work Bottle Green QS286914,QS286914,https://byrappasilk.in/storage/uploads/98WeLhbK58Br9VmuNvLQ4Ig45w4TiX5sbYcYW4wI.webp
saree_0400_QS286907.png,Banarasi Saree With Jaal Work Royal Blue QS286907,QS286907,https://byrappasilk.in/storage/uploads/U6EPeXD4fCLQjtuDBulHAvVhiYTHchadVDIqtoWx.webp
saree_0401_QS286898.png,Banarasi Saree With Jaal Work Pink QS286898,QS286898,https://byrappasilk.in/storage/products/featured/featured_6a54c2e3ada3b.webp
saree_0402_QS286907.png,Banarasi Saree With Jaal Work Black QS286907,QS286907,https://byrappasilk.in/storage/uploads/uO64xD2CY2iFihC3YzvbCUyPFzF32EiLcl2Sqkp3.webp
saree_0403_QS283317.png,Semi Tussar saree Cream colour QS283317,QS283317,https://byrappasilk.in/storage/uploads/4kleXPl1krfzyBLi2aHlSnM0ZZiKfeHbzXdJWWFd.webp
saree_0404_QS284986.png,Tissue Brocade Saree Red & Pink Border QS284986,QS284986,https://byrappasilk.in/storage/uploads/H8GytDry5w0pKTR6NJmQIQbNKqV22K8RpXAi5bbo.webp
saree_0405_QS283325.png,Semi Tussar saree Cream colour QS283325,QS283325,https://byrappasilk.in/storage/uploads/OjZU00dpNdF3MOUsb5IdQapmwWW9R0MA8VrjsEEl.webp
saree_0406_QS287801.png,Party Wear Saree Stone Border Metalic grey QS287801,QS287801,https://byrappasilk.in/storage/uploads/bSuhe0c0yKedcn6Lg2n3FF2TbhoExEcBnffyisbl.webp
saree_0407_QS240544.png,Fancy Banarasi Saree Green with Golden Zari QS240544,QS240544,https://byrappasilk.in/storage/uploads/Ja3klb6T1RjAQRku9bnys6zoUi7liuxT1KBMsgHE.webp
saree_0408_QS240544.png,Fancy Banarasi Saree Pink with Golden Zari QS240544,QS240544,https://byrappasilk.in/storage/uploads/4iA0J3RrGG0rrLl6oc04Xz981h8kMwEzs3iRQqL2.webp
saree_0409_QS240544.png,Fancy Banarasi Saree Magenta with Golden Zari QS240544,QS240544,https://byrappasilk.in/storage/uploads/yPUKyh0VRKBY3oD58EBcMEIO1hIff8ZZZbIo0B85.webp
saree_0410_QS288427.png,Netted Saree Heavy Work Party Wear Saree Brown QS288427,QS288427,https://byrappasilk.in/storage/uploads/VHYjWhn8JgE6NnhRxAyYYKAMjnEzVbuEaqXtR5l2.webp
saree_0411_QS289869.png,Netted Saree Heavy Work Party Wear Saree Orange QS289869,QS289869,https://byrappasilk.in/storage/uploads/lwzxKAHmxJJwzXWL84g5mhfvdLY0MtcNKyjFgnvl.webp
saree_0412_QS288428.png,Netted Saree Heavy Work Party Wear Saree Red QS288428,QS288428,https://byrappasilk.in/storage/uploads/EBfvbVh8f7t1bBMgMrg8WCUTbDvreRn3Ip3zQvPC.webp
saree_0413_QS289868.png,Netted Saree Heavy Work Party Wear Saree Pink & Maroon QS289868,QS289868,https://byrappasilk.in/storage/uploads/eTpuieMCKl0WCVhbQU5kyZRDMjHZ6ATLnACS9WqW.webp
saree_0414_QS289951.png,Fancy Elegant Black & Gold Striped Saree with Contrast Red Border QS289951,QS289951,https://byrappasilk.in/storage/uploads/DqaluDgayYPYneXH85CH5kMiKo0xk7s2bz2KPrQJ.webp
saree_0415_QS286205.png,White Floral Embroidered Saree QS286205,QS286205,https://byrappasilk.in/storage/uploads/M7wOtRJC6sGCVSSby996ytYS3qOwb7FboFxRWXz3.webp
saree_0416_QS291289.png,Mul Cotton Saree QS291289,QS291289,https://byrappasilk.in/storage/uploads/LiIdvKIKhLr0t6zwpkZpuhJhIhGKvdjGxWTLa2lS.webp
saree_0417_QS291273.png,Mul Cotton Saree QS291273,QS291273,https://byrappasilk.in/storage/uploads/FCbCR0lzo3eEZ632cSUCoEEB3LfUxvuaYAzXaHgC.webp
saree_0418_QS291273.png,Mul Cotton Saree QS291273,QS291273,https://byrappasilk.in/storage/uploads/Jk6751xXmn40ekM8jvYvqgP9bwfXy2yzxrlcm8Fu.webp
saree_0419_QS291274.png,Mul Cotton Saree QS291274,QS291274,https://byrappasilk.in/storage/uploads/RjAzNTLM0WAtrhfanA40gadE7hNzgkOvNOHQ1t4h.webp
saree_0420_QS291292.png,Mul Cotton Saree QS291292,QS291292,https://byrappasilk.in/storage/uploads/kZGBGrwCvb0MCR4GiO4FGUXXNr5utWuECNL8O8Uq.webp
saree_0421_QS291287.png,Mul Cotton Saree QS291287,QS291287,https://byrappasilk.in/storage/uploads/oUOxblV7NVS0D3MFHyS1WWkn3A88cPPnf1Q7Qrrz.webp
saree_0422_QS291291.png,Mul Cotton Saree QS291291,QS291291,https://byrappasilk.in/storage/uploads/sJGy7KakGcluncEeSEiJUFUvFdcDMC4hqpsJER9N.webp
saree_0423_QS249284.png,Kalamkari Green Saree with Traditional Mythological Motifs QS249284,QS249284,https://byrappasilk.in/storage/uploads/PEgLjzK3E0X3oP0rij6wWpHggfWNpxHBZncm3GIh.webp
saree_0424_QS249284.png,Kalamkari Orange Saree with Traditional Mythological Motifs QS249284,QS249284,https://byrappasilk.in/storage/uploads/BHEzQmLE8CghQHemNUWdxj7L5AYRGmPF5X5yiEix.webp
saree_0425_QS292304.png,Soft Silk With Seafoam Green Saree QS292304,QS292304,https://byrappasilk.in/storage/uploads/3sjBkNNQHvdmi63tMzmjLVuioyH2qpSFe8v3KjIb.webp
saree_0426_QS292304.png,Soft Silk With Mauve Pink Saree QS292304,QS292304,https://byrappasilk.in/storage/uploads/64H7eO2hrcBaotXAee4TipRRepIw7Vib6EDYyxHa.webp
saree_0427_QS292307.png,Soft Silk With Turquoise Blue Saree QS292307,QS292307,https://byrappasilk.in/storage/uploads/623gjYbq72zwTBGPfC07uNOJ46nTqbbOLxOjeQWi.webp
saree_0428_QS292291.png,Soft Silk With Mauve Pink Saree QS292291,QS292291,https://byrappasilk.in/storage/uploads/OIHumexc16iWZ5MxsB6azFnxihNdQB4jvB6HXusy.webp
saree_0429_QS292314.png,Soft Silk With Royal Purple Saree QS292314,QS292314,https://byrappasilk.in/storage/uploads/Qx32wZJUP6rE2dsXGDnHtKtuitdkpOnLO2IFNEzu.webp
saree_0430_QS292291.png,Soft Silk With Royal Pink Saree QS292291,QS292291,https://byrappasilk.in/storage/uploads/NbmjJ9HLAVWfjfSQ45P8dr3PkmDQ4ldYJaaocFwp.webp
saree_0431_QS292304.png,Soft Silk With Sea Green Saree QS292304,QS292304,https://byrappasilk.in/storage/uploads/E0DUUCutcIKRT8UUO8smanaTsd5smEmdRoGY4nJx.webp
saree_0432_QS292284.png,Soft Silk With Olive Green Saree QS292284,QS292284,https://byrappasilk.in/storage/uploads/yCN3ySmfau6zN5xbOf9m7wd4ZAssIjfnpQMoXjLn.webp
saree_0433_QS288754.png,Organza White Saree QS288754,QS288754,https://byrappasilk.in/storage/uploads/jnuTLUO2atzckTQurcb5JLxArXfUtn537Nt3LeWj.webp
saree_0434_QS281414.png,Organza Beige Saree QS281414,QS281414,https://byrappasilk.in/storage/uploads/sI3wBRnnlFMeaJ4nm1ED4rGvsGliNzenT9alSMut.webp
saree_0435_QS292671.png,Crushed Organza Yellow Saree Floral Bird Design QS292671,QS292671,https://byrappasilk.in/storage/uploads/zdxKbnbvmZzflj8iKcWDRyMs5fkVIhSt2ZIta8LJ.webp
saree_0436_QS290780.png,Crushed Organza Beige Saree Floral Design QS290780,QS290780,https://byrappasilk.in/storage/uploads/BkP5tgwcePdkJ5Q5tBEFOJX6HCQbG6snBcGCjwzf.webp
saree_0437_QS290778.png,Crushed Organza Dusty Pink Saree Floral Design QS290778,QS290778,https://byrappasilk.in/storage/uploads/JeEOKkwhb7Qk5K2pSZSWxOAVBwygAKUUd4qNhL7h.webp
saree_0438_QS289632.png,Floral Organza White Forest Leopard Motife Saree Floral Design QS289632,QS289632,https://byrappasilk.in/storage/uploads/ZyTnhJBJsGGN9cpRtAcoU52oug9fEbxeLHZy9JhU.webp
saree_0439_QS287946.png,Yellow Saree Zari Checks & Floral Border QS287946,QS287946,https://byrappasilk.in/storage/uploads/m26ZFitOphyEP6c8Kip6Jp6DXQ134GOVnQBeK1o3.webp
saree_0440_QS287929.png,Teal Blue Saree Zari Checks & Floral Border QS287929,QS287929,https://byrappasilk.in/storage/uploads/85TvNIC8Gwx3bDSjDWUXAEpfxOL57efJBVA7AUfT.webp
saree_0441_QS287946.png,Purple Saree Zari Checks & Floral Border QS287946,QS287946,https://byrappasilk.in/storage/uploads/StxVN85olxQhHRvpAJrsDLvjLJtcgm1Sdm94PJTm.webp
saree_0442_QS297928.png,Pink Saree Zari Checks & Floral Border QS297928,QS297928,https://byrappasilk.in/storage/uploads/sPLa6yR6dzlbuKol4nVJMfwEhNg4GxC4agdmL0ZK.webp
saree_0443_QS287941.png,Orange Blue Saree Zari Checks & Floral Border QS287941,QS287941,https://byrappasilk.in/storage/uploads/t5KJt4S9RluMpxBhGnMj5285SaPDhk9SrHbsXDAR.webp
saree_0444_QS287938.png,Red Saree Zari Checks & Floral Border QS287938,QS287938,https://byrappasilk.in/storage/uploads/52oP1hClYmEsYt3D6YOEzjJXDZreQqcLl2KG46aw.webp
saree_0445_QS294187.png,Semi Tussar Saree With Intricate Black Floral Embroidery Border QS294187,QS294187,https://byrappasilk.in/storage/uploads/N21fcB5ljKsOWqwmkUHVk5oMEHBuOi0mW5mifUYK.webp
saree_0446_QS294195.png,Semi Tussar Saree With Intricate White Floral Embroidery Border QS294195,QS294195,https://byrappasilk.in/storage/uploads/EZDH2NQY5nJZIegnoikR8OK2IMpKhqd9262Hn0dB.webp
saree_0447_QS287813.png,Party Wear Saree Beige QS287813,QS287813,https://byrappasilk.in/storage/uploads/o71LQ1keyM9tAX35VmqIso2iLeBV4I5OAD9vmweH.webp
saree_0448_QS213677.png,Vantara Saree Yellow  - Peach Scenic Nature QS213677,QS213677,https://byrappasilk.in/storage/uploads/F9FA6SeCcIFvmSMClCc6pBlJeZunutCveKDnJmLq.webp
saree_0449_QS284650.png,Organza Saree QS284650,QS284650,https://byrappasilk.in/storage/uploads/1nbSHqOfVAxJD66gOFwDQbU4krJGjL7o0haEm2IN.webp
saree_0450_QS284650.png,Organza Saree QS284650,QS284650,https://byrappasilk.in/storage/uploads/CrLnWqWc4E7yrULWjX5N7DFBedQUhRWPdatRv9oO.webp
saree_0451_QS284640.png,Organza Saree QS284640,QS284640,https://byrappasilk.in/storage/uploads/5a36jETaIyqSfg7ka21bPifQhepk62pDMWAQVmWK.webp
saree_0452_QS284655.png,Organza Saree Peach QS284655,QS284655,https://byrappasilk.in/storage/uploads/sEDJDOPdmy8Y2LfOupnLW9JzRHQm2mF5drD7sEjk.webp
saree_0453_QS285170.png,Fancy saree Black With Golden Embroidery Top Border QS285170,QS285170,https://byrappasilk.in/storage/uploads/MTpkiDJKuYGGgXBs4cbri9e3XB9tDwxH3Wn09atN.webp
saree_0454_QS293486.png,Banarasi Saree Intricate Gold Zari Jaal & Meenakari Accents Mustard Yellow QS293486,QS293486,https://byrappasilk.in/storage/uploads/ztVp3ZptE6COhEFjYg8bZ95Ev8lKkKyvAy2z79NZ.webp
saree_0455_QS293482.png,Banarasi Saree Intricate Gold Zari Jaal & Meenakari Accents Rust Orange QS293482,QS293482,https://byrappasilk.in/storage/uploads/sXDhq9E6Ckuy8OrU8VDIaW3Qu9nwRmr4c7GXcn39.webp
saree_0456_QS293483.png,Banarasi Saree Intricate Gold Zari Jaal & Meenakari Accents Bottel Green QS293483,QS293483,https://byrappasilk.in/storage/uploads/LNVo7heAeeYlW40SnDXPTjE6jgECkO2VN4QrsZQo.webp
saree_0457_QS293486.png,Banarasi Saree Intricate Gold Zari Jaal & Meenakari Accents Red QS293486,QS293486,https://byrappasilk.in/storage/uploads/GJG8ucWrZ6sHFiZJah1iMq9eQvSnGipJZLPVhHUa.webp
saree_0458_QS293481.png,Banarasi Saree Intricate Gold Zari Jaal & Meenakari Accents Baby Pink QS293481,QS293481,https://byrappasilk.in/storage/uploads/bPRLIZRl3jhSzI5wugp5dAM0P978zdRXLbfDWwej.webp
saree_0459_QS293484.png,Banarasi Saree Intricate Gold Zari Jaal & Meenakari Accents Purple QS293484,QS293484,https://byrappasilk.in/storage/uploads/f0603Fa3IqIQ1qDvlrmR9S6PpxZdv8kSmrKD56zo.webp
saree_0460_QS295417.png,Georgette Saree Orange QS295417,QS295417,https://byrappasilk.in/storage/products/featured/featured_6985b0fb377ef.webp
saree_0461_QS295428.png,Georgette Saree Olive Green QS295428,QS295428,https://byrappasilk.in/storage/products/featured/featured_6985bca577867.webp
saree_0462_QS295423.png,Georgette Saree Magenta Pink QS295423,QS295423,https://byrappasilk.in/storage/products/featured/featured_6985bd7988aed.webp
saree_0463_QS2954016.png,Georgette Saree Teal green QS2954016,QS2954016,https://byrappasilk.in/storage/products/featured/featured_6985be20989ef.webp
saree_0464_QS295428.png,Georgette Saree Brown Green QS295428,QS295428,https://byrappasilk.in/storage/products/featured/featured_6985c0aad5d04.webp
saree_0465_QS294632.png,Maheshwari Cotton saree forest Green QS294632,QS294632,https://byrappasilk.in/storage/products/featured/featured_6985c7ef4d1e1.webp
saree_0466_QS294632.png,Maheshwari Cotton saree Bottle Green QS294632,QS294632,https://byrappasilk.in/storage/products/featured/featured_6985c89fc2a67.webp
saree_0467_QS294637.png,Maheshwari Cotton saree Mustard Olive QS294637,QS294637,https://byrappasilk.in/storage/products/featured/featured_6985c9908fc00.webp
saree_0468_QS294632.png,Maheshwari Cotton saree Brown QS294632,QS294632,https://byrappasilk.in/storage/products/featured/featured_6986ee80ae124.webp
saree_0469_QS294632.png,Maheshwari Cotton saree Blue QS294632,QS294632,https://byrappasilk.in/storage/products/featured/featured_6986ef095b9fd.webp
saree_0470_QS295465.png,Semi Khaddhi Georgette Saree Yellow QS295465,QS295465,https://byrappasilk.in/storage/products/featured/featured_6987010f91ab0.webp
saree_0471_QS295468.png,Semi Khaddhi Georgette Saree Olive Green QS295468,QS295468,https://byrappasilk.in/storage/products/featured/featured_6987019ccc925.webp
saree_0472_QS295450.png,Semi Khaddhi Georgette Saree Redish Orange QS295450,QS295450,https://byrappasilk.in/storage/products/featured/featured_69870289c7473.webp
saree_0473_QS295451.png,Semi Khaddhi Georgette Saree Mustard Yellow QS295451,QS295451,https://byrappasilk.in/storage/products/featured/featured_698705870ebc7.webp
saree_0474_QS295455.png,Semi Khaddhi Georgette Saree Pink QS295455,QS295455,https://byrappasilk.in/storage/products/featured/featured_69870664d021c.webp
saree_0475_QS295466.png,Semi Khaddhi Georgette Saree Maroon QS295466,QS295466,https://byrappasilk.in/storage/products/featured/featured_69870b99a124f.webp
saree_0476_QS294631.png,Maheshwari Cotton saree With Checks Black QS294631,QS294631,https://byrappasilk.in/storage/products/featured/featured_698711f9e08ec.webp
saree_0477_QS294630.png,Maheshwari Cotton Saree With Checks Green QS294630,QS294630,https://byrappasilk.in/storage/products/featured/featured_69871313465c6.webp
saree_0478_QS295367.png,Semi Khaddhi Georgette Saree Pink QS295367,QS295367,https://byrappasilk.in/storage/products/featured/featured_69872f6f8a7b7.webp
saree_0479_QS295360.png,Semi Khaddhi Georgette Saree Purple QS295360,QS295360,https://byrappasilk.in/storage/products/featured/featured_6987394c6b0af.webp
saree_0480_QS295357.png,Semi Khaddhi Georgette Saree Dark Grey QS295357,QS295357,https://byrappasilk.in/storage/products/featured/featured_69873a23145d7.webp
saree_0481_QS295368.png,Semi Khaddhi Georgette Saree Dark Blue QS295368,QS295368,https://byrappasilk.in/storage/products/featured/featured_69873b52515ec.webp
saree_0482_QS295348.png,Semi Khaddhi Georgette Saree Red QS295348,QS295348,https://byrappasilk.in/storage/products/featured/featured_69873e5656e08.webp
saree_0483_QS295355.png,Semi Khaddhi Georgette Saree Maroon QS295355,QS295355,https://byrappasilk.in/storage/products/featured/featured_698740745bbed.webp
saree_0484_QS284000.png,Pochampally Saree Green & Orange Border QS284000,QS284000,https://byrappasilk.in/storage/products/featured/featured_6989a53f7ef9a.webp
saree_0485_QS284001.png,Pochampally Saree Blue & Orange Border QS284001,QS284001,https://byrappasilk.in/storage/products/featured/featured_6989a665ecccd.webp
saree_0486_QS283993.png,Pochampally Saree Redish Orange & Blue Border QS283993,QS283993,https://byrappasilk.in/storage/products/featured/featured_6989a80e46075.webp
saree_0487_QS283992.png,Pochampally Saree Orange & Blue Border QS283992,QS283992,https://byrappasilk.in/storage/products/featured/featured_6989a9e595591.webp
saree_0488_QS284011.png,Pochampally Saree Half White & Purple BorderQS284011,QS284011,https://byrappasilk.in/storage/products/featured/featured_6989abb44c685.webp
saree_0489_QS295244.png,Organza Saree With Aplic Work Ivory QS295244,QS295244,https://byrappasilk.in/storage/products/featured/featured_698ae453a114b.webp
saree_0490_QS295239.png,Organza Saree With Aplic Work Lavender Pink QS295239,QS295239,https://byrappasilk.in/storage/products/featured/featured_698ae77323376.webp
saree_0491_QS295243.png,Organza Saree With Aplic Work Champagne QS295243,QS295243,https://byrappasilk.in/storage/products/featured/featured_698ae87bcdd02.webp
saree_0492_QS295247.png,Organza Saree With Aplic Work Half White QS295247,QS295247,https://byrappasilk.in/storage/products/featured/featured_698ae98743248.webp
saree_0493_QS263075.png,Semi Georgette Saree Redish Pink QS263075,QS263075,https://byrappasilk.in/storage/products/featured/featured_698c7aa1522a8.webp
saree_0494_QW207674.png,Cocktail saree Yellow with Sequence & Blouse QW205693,QW207674,https://byrappasilk.in/storage/products/featured/featured_698ebb7ae214d.webp
saree_0495_QW207674.png,Georgette Saree Sky Blue Colour QW207674,QW207674,https://byrappasilk.in/storage/products/featured/featured_698ec0d38d4c1.webp
saree_0496_QW207680.png,Georgette Saree Onion Pink Colour QW207680,QW207680,https://byrappasilk.in/storage/products/featured/featured_698ec164b240a.webp
saree_0497_QW207709.png,Georgette Saree Lavender Colour QW207709,QW207709,https://byrappasilk.in/storage/products/featured/featured_698ec2be5b474.webp
saree_0498_QW207695.png,Georgette Saree Maroon Colour QW207695,QW207695,https://byrappasilk.in/storage/products/featured/featured_698ec533a5eee.webp
saree_0499_QW207709.png,Georgette Saree Black Colour QW207709,QW207709,https://byrappasilk.in/storage/products/featured/featured_698ed4b849292.webp
saree_0500_QS297654.png,Muhurtham Silk Saree QS297654,QS297654,https://byrappasilk.in/storage/products/featured/featured_698f0ca5924fa.webp
saree_0501_QS298150.png,Semi Khaddhi Georgette Saree Purple & Pink Border QS298150,QS298150,https://byrappasilk.in/storage/products/featured/featured_69904de3648c6.webp
saree_0502_QS298150.png,Semi Khaddhi Georgette Saree Red QS298150,QS298150,https://byrappasilk.in/storage/products/featured/featured_69905028d4b75.webp
saree_0503_QS298160.png,Semi Khaddhi Georgette Saree Olive Green QS298160,QS298160,https://byrappasilk.in/storage/products/featured/featured_699050fc9450d.webp
saree_0504_QW207664.png,Georgette Saree Vibrant Yellow & Red QW207664,QW207664,https://byrappasilk.in/storage/products/featured/featured_69906ee21f174.webp
saree_0505_QW207664.png,Georgette Saree Magenta & Deep Purple QW207664,QW207664,https://byrappasilk.in/storage/products/featured/featured_699070ad3193f.webp
saree_0506_QW207649.png,Georgette Saree Pink & Purple QW207649,QW207649,https://byrappasilk.in/storage/products/featured/featured_6990726ca133c.webp
saree_0507_QW207664.png,Georgette Saree Vibrant Rani pink & Sunset Orange QW207664,QW207664,https://byrappasilk.in/storage/products/featured/featured_699074cc28bdc.webp
saree_0508_QW207752.png,Tissue Saree Sea Green With Ready Blouse QW207752,QW207752,https://byrappasilk.in/storage/products/featured/featured_6992fa89b7aa5.webp
saree_0509_QS298274.png,Semi Kanchipuram Saree Lavender QS298274,QS298274,https://byrappasilk.in/storage/products/featured/featured_69932684bf834.webp
saree_0510_QS289951.png,Fancy Elegant White & Gold Striped Saree with Contrast Red Border QS289951,QS289951,https://byrappasilk.in/storage/products/featured/featured_699480537d03e.webp
saree_0511_QS297069.png,Party Wear Saree Ivory QS297069,QS297069,https://byrappasilk.in/storage/products/featured/featured_6998395dbd134.webp
saree_0512_QW207674.png,Georgette Saree Purple Colour QW207674,QW207674,https://byrappasilk.in/storage/products/featured/featured_699c613de9a68.webp
saree_0513_QW208396.png,Khaddhi Georgette Saree Royal Purple & Mint Green Border QW208396,QW208396,https://byrappasilk.in/storage/products/featured/featured_699d8a1909ec6.webp
saree_0514_QW208396.png,Khaddhi Georgette Saree Regal Purple & Lime Green Border QW208396,QW208396,https://byrappasilk.in/storage/products/featured/featured_699d8af38d2da.webp
saree_0515_QW208396.png,Khaddhi Georgette Saree Vibrant Orange & Peach Border QW208396,QW208396,https://byrappasilk.in/storage/products/featured/featured_699d8be81b24a.webp
saree_0516_QW208396.png,Khaddhi Georgette Saree Raspberrry Pink & Lilac Pink Border QW208396,QW208396,https://byrappasilk.in/storage/products/featured/featured_699d8e53bb1da.webp
saree_0517_QW208396.png,Khaddhi Georgette Saree Orang & Brown Border QW208396er,QW208396,https://byrappasilk.in/storage/products/featured/featured_699d8f9c09f13.webp
saree_0518_QS286020.png,Pure Tussar Saree Red QS286020,QS286020,https://byrappasilk.in/storage/products/featured/featured_699da459f390a.webp
saree_0519_QS301203.png,Tissue Saree With Bandhani Blouse QS301203,QS301203,https://byrappasilk.in/storage/products/featured/featured_699e9d8f67888.webp
saree_0520_QS299451.png,Semi Tussar Saree Beige & Purple Border QS299451,QS299451,https://byrappasilk.in/storage/products/featured/featured_699ec94f39ede.webp
saree_0521_QS299451.png,Semi Tussar Saree Beige & Magenta Border QS299451,QS299451,https://byrappasilk.in/storage/products/featured/featured_699ecd1d17383.webp
saree_0522_QS299451.png,Semi Tussar Saree Beige & Dark Dusty Purple Border QS299451,QS299451,https://byrappasilk.in/storage/products/featured/featured_699fe7e5f246a.webp
saree_0523_QS299451.png,Semi Tussar Saree Beige & Olive Green Border QS299451,QS299451,https://byrappasilk.in/storage/products/featured/featured_699fe81001d36.webp
saree_0524_QS299451.png,Semi Tussar Saree Beige & Orange Border QS299451,QS299451,https://byrappasilk.in/storage/products/featured/featured_699fe9b985db0.webp
saree_0525_QS299451.png,Semi Tussar Saree Beige & Black Border QS299451,QS299451,https://byrappasilk.in/storage/products/featured/featured_69a002a1e3cd8.webp
saree_0526_QS299451.png,Semi Tussar Saree Beige & Rani Pink Border QS299451,QS299451,https://byrappasilk.in/storage/products/featured/featured_69a0090a93ff3.webp
saree_0527_QS299395.png,Semi Tussar Saree Lavender & Turquoise Border QS299395,QS299395,https://byrappasilk.in/storage/products/featured/featured_69a01c6907bec.webp
saree_0528_QS299406.png,Semi Tussar Saree Silver Grey & Coral Red Border QS299406,QS299406,https://byrappasilk.in/storage/products/featured/featured_69a01e3c45675.webp
saree_0529_QS299400.png,Semi Tussar Saree Pastel Pink & Teal-Blue Border QS299400,QS299400,https://byrappasilk.in/storage/products/featured/featured_69a01f1ad0d60.webp
saree_0530_QS299395.png,Semi Tussar Saree Silver Grey & Rust Orange Border QS299395,QS299395,https://byrappasilk.in/storage/products/featured/featured_69a01fff388f4.webp
saree_0531_QS299404.png,Semi Tussar Saree Elegant Peach & Blush Pink Border QS299395,QS299404,https://byrappasilk.in/storage/products/featured/featured_69a0231c2a7a1.webp
saree_0532_QS299395.png,Semi Tussar Saree Mustard Yellow & Pink Border QS299395,QS299395,https://byrappasilk.in/storage/products/featured/featured_69a02b8e0c9a0.webp
saree_0533_QS299395.png,Semi Tussar Saree Onion Pink & Charcoal Border QS299395,QS299395,https://byrappasilk.in/storage/products/featured/featured_69a02f723bc84.webp
saree_0534_QS299395.png,Semi Tussar Saree Maroon & Charcoal Black Border QS299395,QS299395,https://byrappasilk.in/storage/products/featured/featured_69a030b505f56.webp
saree_0535_QS299395.png,Semi Tussar Saree Sage Green & Antique Gold Border QS299395,QS299395,https://byrappasilk.in/storage/products/featured/featured_69a033586ad32.webp
saree_0536_QS299395.png,Semi Tussar Saree Sky Blue & Silver Grey QS299395,QS299395,https://byrappasilk.in/storage/products/featured/featured_69a0347466b7a.webp
saree_0537_QS299439.png,Semi Tussar Saree Black Colour QS299439,QS299439,https://byrappasilk.in/storage/products/featured/featured_69a13982c5d0e.webp
saree_0538_QS299442.png,Semi Tussar Saree Green Colour QS299442,QS299442,https://byrappasilk.in/storage/products/featured/featured_69a1395ee948b.webp
saree_0539_QS299443.png,Semi Tussar Saree Half-White Colour QS299443,QS299443,https://byrappasilk.in/storage/products/featured/featured_69a139485405d.webp
saree_0540_QS299441.png,Semi Tussar Saree Teal blue colour QS299441,QS299441,https://byrappasilk.in/storage/products/featured/featured_69a1390e4d870.webp
saree_0541_QS301547.png,Mul Cotton Saree White QS301547,QS301547,https://byrappasilk.in/storage/products/featured/featured_69a17fdc19ad2.webp
saree_0542_QS299393.png,Semi Tussar Saree Vibrant Orange & Purple Border QS299393,QS299393,https://byrappasilk.in/storage/products/featured/featured_69a197facf068.webp
saree_0543_QS299393.png,Semi Tussar Saree Steel Blue & Peach Border QS299393,QS299393,https://byrappasilk.in/storage/products/featured/featured_69a1991c28ccb.webp
saree_0544_QS299399.png,Semi Tussar Saree Mauve-pink & Mustard Gold Border QS299399,QS299399,https://byrappasilk.in/storage/products/featured/featured_69a19aea50f7c.webp
saree_0545_QS299393.png,Semi Tussar Saree Peach & Charcoal Grey Border QS299393,QS299393,https://byrappasilk.in/storage/products/featured/featured_69a19c66c3793.webp
saree_0546_QS301073.png,Tissue Saree With Bandhani Blouse  QS301073,QS301073,https://byrappasilk.in/storage/products/featured/featured_69a296bdb8192.webp
saree_0547_QS301361.png,Cocktail Saree with Sequence & Ready Blouse  QS301361,QS301361,https://byrappasilk.in/storage/products/featured/featured_69a2a7255d571.webp
saree_0548_QS301614.png,Printed Saree with Zari Pallu Half-White QS301614,QS301614,https://byrappasilk.in/storage/products/featured/featured_69a2ab2e9fd99.webp
saree_0549_QS301725.png,Printed Saree with Zari Pallu White QS301725,QS301725,https://byrappasilk.in/storage/products/featured/featured_69a2abcd0208b.webp
saree_0550_QS304569.png,Pure Kanchipuram saree Brocade Design-QS304569,QS304569,https://byrappasilk.in/storage/products/featured/featured_69a31f384faa6.webp
saree_0551_QS302009.png,Satin Saree With Shibori Design QS302009,QS302009,https://byrappasilk.in/storage/products/featured/featured_69a53264a1fec.webp
saree_0552_QS302107.png,Position Print Pink & Teal Banarasi Saree QS302107,QS302107,https://byrappasilk.in/storage/products/featured/featured_69a534f09fcaa.webp
saree_0553_QS302088.png,Position Print Cream & Rani pink Banarasi Saree QS302088,QS302088,https://byrappasilk.in/storage/products/featured/featured_69a53694c890b.webp
saree_0554_QS301387.png,Semi Tussar Saree Sea Green Traditional Forest Motifs QS301387,QS301387,https://byrappasilk.in/storage/products/featured/featured_69a6dd0e8ae56.webp
saree_0555_QS302008.png,Satin Saree With Shibori Design QS302008,QS302008,https://byrappasilk.in/storage/products/featured/featured_69a6e38fe2b97.webp
saree_0556_QS305846.png,Tussar Saree Black QS305846,QS305846,https://byrappasilk.in/storage/products/featured/featured_69a98a1c33af2.webp
saree_0557_QS303135.png,Daily Wear Linen Saree White & Pink QS303135,QS303135,https://byrappasilk.in/storage/products/featured/featured_69a9c629ee74c.webp
saree_0558_QS303145.png,Daily Wear Linen Saree White & Mustard Yellow QS303145,QS303145,https://byrappasilk.in/storage/products/featured/featured_69a9c6c2ca31b.webp
saree_0559_QS303148.png,Daily Wear Linen Saree White & Peach QS303148,QS303148,https://byrappasilk.in/storage/products/featured/featured_69a9c774bc43e.webp
saree_0560_QS303147.png,Daily Wear Linen Saree White & Green QS303147,QS303147,https://byrappasilk.in/storage/products/featured/featured_69a9c81a3613d.webp
saree_0561_QS305718.png,Banarasi Saree With Meenakari Work White & Green QS305718,QS305718,https://byrappasilk.in/storage/products/featured/featured_69a9ce63ca61b.webp
saree_0562_QS305718.png,Banarasi Saree With Meenakari Work White & Yellow QS305718,QS305718,https://byrappasilk.in/storage/products/featured/featured_69a9ce2cf1231.webp
saree_0563_QS304774.png,Fancy party Wear Saree Fawn  QS304774,QS304774,https://byrappasilk.in/storage/products/featured/featured_69e71062c2f99.webp
saree_0564_QS299428.png,Semi Tussar Saree with Check Magenta Pink & Orange Border QS299428,QS299428,https://byrappasilk.in/storage/products/featured/featured_69aaac1bc4b7d.webp
saree_0565_QS305718.png,Banarasi Saree With Meenakari Work White & Pink QS305718,QS305718,https://byrappasilk.in/storage/products/featured/featured_69afb4ff16cc8.webp
saree_0566_QS305718.png,Banarasi Saree With Meenakari Work White & Grey QS305718,QS305718,https://byrappasilk.in/storage/products/featured/featured_69afb63bdd755.webp
saree_0567_QS303518.png,Semi Tussar Saree Cream Colour QS303518,QS303518,https://byrappasilk.in/storage/products/featured/featured_69aff49d748a5.webp
saree_0568_QS303562.png,Semi Tussar Saree Cream Colour QS303562,QS303562,https://byrappasilk.in/storage/products/featured/featured_69aff5ec9e577.webp
saree_0569_QS303468.png,Semi Tussar Saree Cream Colour QS303468,QS303468,https://byrappasilk.in/storage/products/featured/featured_69aff68002c06.webp
saree_0570_QS303501.png,Semi Tussar Saree Cream Colour QS303501,QS303501,https://byrappasilk.in/storage/products/featured/featured_69aff70d98fb9.webp
saree_0571_QS303540.png,Semi Tussar Saree Cream Colour QS303540,QS303540,https://byrappasilk.in/storage/products/featured/featured_69aff87dc1bc8.webp
saree_0572_QS301126.png,Semi Tussar Saree With Paithani Border Black Colour QS301126,QS301126,https://byrappasilk.in/storage/products/featured/featured_69b01a5ec9909.webp
saree_0573_QS288083.png,Satin  Saree With Navy Blue & Slate Grey Marble Print QS288083,QS288083,https://byrappasilk.in/storage/products/featured/featured_69b3d3ebc291d.webp
saree_0574_QS304774.png,Fancy party Wear Saree Sage Green QS304774,QS304774,https://byrappasilk.in/storage/products/featured/featured_69e71048789d4.webp
saree_0575_QS304774.png,Fancy party Wear Saree Dusty Rose QS304774,QS304774,https://byrappasilk.in/storage/products/featured/featured_69b3f96aca874.webp
saree_0576_QS308953.png,Semi Tussar Saree Beige & Pink Floral Embroidery Cross stitch QS308953,QS308953,https://byrappasilk.in/storage/products/featured/featured_69b42fad503a2.webp
saree_0577_I200093.png,Pure Kanjeevaram Silk Saree Deep Maroon Shade I200093,I200093,https://byrappasilk.in/storage/products/featured/featured_69badeac3da47.webp
saree_0578_I200078.png,Pure Kanchipuram Black & Parrot Green with Gold Zari Border I200078,I200078,https://byrappasilk.in/storage/products/featured/featured_69bc18e2003fa.webp
saree_0579_QS304630.png,Semi Tussar Saree Black With Hot Pink Border QS304630,QS304630,https://byrappasilk.in/storage/products/featured/featured_69bce7dd64668.webp
saree_0580_QS301097.png,Fancy Saree Striking Temple Geometric Print  - QS301097,QS301097,https://byrappasilk.in/storage/products/featured/featured_69bceee36181b.webp
saree_0581_QS312011.png,Linen Cotton Saree Elephant Print Peach QS312011,QS312011,https://byrappasilk.in/storage/products/featured/featured_69bd21c6cf55c.webp
saree_0582_QS312011.png,Linen Cotton Saree Elephant Print Blue QS312011,QS312011,https://byrappasilk.in/storage/products/featured/featured_69bd227561305.webp
saree_0583_QS312011.png,Linen Cotton Saree Elephant Print Pink QS312011,QS312011,https://byrappasilk.in/storage/products/featured/featured_69bd2365af87a.webp
saree_0584_QS312011.png,Linen Cotton Saree Elephant Print Mustard QS312011,QS312011,https://byrappasilk.in/storage/products/featured/featured_69bd297c829ab.webp
saree_0585_QS312011.png,Linen Cotton Saree Elephant Print Green QS312011,QS312011,https://byrappasilk.in/storage/products/featured/featured_69bd2a8ab0652.webp
saree_0586_QS303120.png,Daily Wear Linen Saree White & Peach QS303120,QS303120,https://byrappasilk.in/storage/products/featured/featured_69bd3346b8a6e.webp
saree_0587_QS303120.png,Daily Wear Linen Saree White & Mustard Yellow QS303120,QS303120,https://byrappasilk.in/storage/products/featured/featured_69bd342280e41.webp
saree_0588_QS303120.png,Daily Wear Linen Saree White & Green QS303120,QS303120,https://byrappasilk.in/storage/products/featured/featured_69bd3491784ed.webp
saree_0589_QS303120.png,Daily Wear Linen Saree White & Teal Blue QS303120,QS303120,https://byrappasilk.in/storage/products/featured/featured_69bd35172fb08.webp
saree_0590_QS303120.png,Daily Wear Linen Saree White & Orange QS303120,QS303120,https://byrappasilk.in/storage/products/featured/featured_69bd3583496e2.webp
saree_0591_QS310215.png,Pure Kanchipuram Burberry Checks Saree QS310215,QS310215,https://byrappasilk.in/storage/products/featured/featured_69be4a3ed9375.webp
saree_0592_QS319203.png,Semi Tussar Saree Kutch Work Border QS319203,QS319203,https://byrappasilk.in/storage/products/featured/featured_69c22c7606e5d.webp
saree_0593_QS315436.png,Semi Tussar Saree With Paithani Border Lime Green Colour  QS315436,QS315436,https://byrappasilk.in/storage/products/featured/featured_69c3c25bdb30e.webp
saree_0594_QS315410.png,Semi Tussar Saree With Paithani Border Seafoam Blue Colour QS315410,QS315410,https://byrappasilk.in/storage/products/featured/featured_69c3c996bce10.webp
saree_0595_QS315409.png,Semi Tussar Saree With Paithani Border Yellow Colour QS315409,QS315409,https://byrappasilk.in/storage/products/featured/featured_69c3ca11a7325.webp
saree_0596_QS315402.png,Semi Tussar Saree With Paithani Border Pink Colour QS315402,QS315402,https://byrappasilk.in/storage/products/featured/featured_69c3caa1d842f.webp
saree_0597_QS315413.png,Semi Tussar Saree With Paithani Border Beige Colour QS315413,QS315413,https://byrappasilk.in/storage/products/featured/featured_69c3cb796c251.webp
saree_0598_QS315053.png,Semi Tussar Saree With Embroidery Border Beige Metallic Colour  QS315053,QS315053,https://byrappasilk.in/storage/products/featured/featured_69c3d87e642d7.webp
saree_0599_QS315053.png,Semi Tussar Saree With Embroidery Border Fuchsia Black Colour  QS315053,QS315053,https://byrappasilk.in/storage/products/featured/featured_69c3d9276ac97.webp
saree_0600_QS315053.png,Semi Tussar Saree With Embroidery Border Charcoal Grey Colour QS315053,QS315053,https://byrappasilk.in/storage/products/featured/featured_69c3f28ce3301.webp
saree_0601_QS315053.png,Semi Tussar Saree With Embroidery Border Mustard Yellow Colour QS315053,QS315053,https://byrappasilk.in/storage/products/featured/featured_69c3f3f77af37.webp
saree_0602_QS315053.png,Semi Tussar Saree With Embroidery Border Blue Colour QS315053,QS315053,https://byrappasilk.in/storage/products/featured/featured_69c3f4c0d23e3.webp
saree_0603_QS315108.png,Organza Saree Embroidery Border Half White QS315108,QS315108,https://byrappasilk.in/storage/products/featured/featured_69c512b37c26c.webp
saree_0604_QS315096.png,Organza Saree Embroidery Border Baby Pink QS315096,QS315096,https://byrappasilk.in/storage/products/featured/featured_69c513ea83a0d.webp
saree_0605_QS315096.png,Organza Saree Embroidery Border Yellow QS315096,QS315096,https://byrappasilk.in/storage/products/featured/featured_69c5149969203.webp
saree_0606_QS315096.png,Organza Saree Embroidery Border Lavender QS315096,QS315096,https://byrappasilk.in/storage/products/featured/featured_69c5154645984.webp
saree_0607_QS315096.png,Organza Saree Embroidery Border Ice Blue QS315096,QS315096,https://byrappasilk.in/storage/products/featured/featured_69c516d728968.webp
saree_0608_QS315303.png,Semi Tussar Saree With White Floral Embroidery Lavender QS315303,QS315303,https://byrappasilk.in/storage/products/featured/featured_69c6363b39e65.webp
saree_0609_QS315303.png,Semi Tussar Saree With White Floral Embroidery Beige QS315303,QS315303,https://byrappasilk.in/storage/products/featured/featured_69c636f604664.webp
saree_0610_QS315303.png,Semi Tussar Saree With White Floral Embroidery Golden Brown QS315303,QS315303,https://byrappasilk.in/storage/products/featured/featured_69c637be5ffea.webp
saree_0611_QS315303.png,Semi Tussar Saree With White Floral Embroidery White QS315303,QS315303,https://byrappasilk.in/storage/products/featured/featured_69c6383671932.webp
saree_0612_QS315303.png,Semi Tussar Saree With White Floral Embroidery Yellow QS315303,QS315303,https://byrappasilk.in/storage/products/featured/featured_69c638abf41b6.webp
saree_0613_QS315303.png,Semi Tussar Saree With White Floral Embroidery Baby Pink QS315303,QS315303,https://byrappasilk.in/storage/products/featured/featured_69c63a1740f01.webp
saree_0614_QS315321.png,Semi Tussar Saree With White Floral Embroidery Work Yellow QS315321,QS315321,https://byrappasilk.in/storage/products/featured/featured_69c64c267288a.webp
saree_0615_QS315321.png,Semi Tussar Saree With White Floral Embroidery Work White QS315321,QS315321,https://byrappasilk.in/storage/products/featured/featured_69c64da20de2c.webp
saree_0616_QS315321.png,Semi Tussar Saree With White Floral Embroidery Work Black QS315321,QS315321,https://byrappasilk.in/storage/products/featured/featured_69c64e18bfb1c.webp
saree_0617_QS315321.png,Semi Tussar Saree With White Floral Embroidery Work Grey QS315321,QS315321,https://byrappasilk.in/storage/products/featured/featured_69c64eaa6989e.webp
saree_0618_QS315321.png,Semi Tussar Saree With White Floral Embroidery Work Baby Pink QS315321,QS315321,https://byrappasilk.in/storage/products/featured/featured_69c64fb284c08.webp
saree_0619_QS294215.png,Pure Banaras Intricate Gold Zari Butta Royal Purple QS294215,QS294215,https://byrappasilk.in/storage/products/featured/featured_69c6b5aa5e964.webp
saree_0620_QS294215.png,Pure Banaras Intricate Gold Zari Butta Royal Blue QS294215,QS294215,https://byrappasilk.in/storage/products/featured/featured_69c6bf477dacd.webp
saree_0621_QS294206.png,Pure Banaras Intricate Gold Zari Butta PurpleQS294206,QS294206,https://byrappasilk.in/storage/products/featured/featured_69c6cc26d9f5d.webp
saree_0622_QS316325.png,Pure Organza Chikankari Floral Embroidery Lemon Yellow QS316325,QS316325,https://byrappasilk.in/storage/products/featured/featured_69c788bfc1960.webp
saree_0623_QS316325.png,Pure Organza Chikankari Floral Embroidery Blush Pink QS316325,QS316325,https://byrappasilk.in/storage/products/featured/featured_69c78a316b920.webp
saree_0624_QS316848.png,Semi Tussar Saree With Gold & Silver Zari Work Border Peach Colour QS316848,QS316848,https://byrappasilk.in/storage/products/featured/featured_69c7af42ade03.webp
saree_0625_QW208859.png,Semi Khaddhi Georgette Saree Sky Blue & Orange Border QW208859,QW208859,https://byrappasilk.in/storage/products/featured/featured_69c7cb42a8080.webp
saree_0626_QW208859.png,Semi Khaddhi Georgette Saree Red & Sky Blue Border QW208859,QW208859,https://byrappasilk.in/storage/products/featured/featured_69c7cce59b258.webp
saree_0627_QW208859.png,Semi Khaddhi Georgette Saree Green & Baby Pink Border QW208859,QW208859,https://byrappasilk.in/storage/products/featured/featured_69c7cdde2581e.webp
saree_0628_QS2885140.png,Pure Tussar Saree QS2885140,QS2885140,https://byrappasilk.in/storage/products/featured/featured_69c7f0aaae90f.webp
saree_0629_I200246.png,Pure Kanchipuram White Saree I200246,I200246,https://byrappasilk.in/storage/products/featured/featured_69c7f226d2e68.webp
saree_0630_QS208241.png,Semi Georgette Geometric Saree Beige-gold QS208241,QS208241,https://byrappasilk.in/storage/products/featured/featured_69c80774a1b24.webp
saree_0631_QS208241.png,Semi Georgette Geometric Brown-Gold QS208241,QS208241,https://byrappasilk.in/storage/products/featured/featured_69c8074c82a10.webp
saree_0632_QS316156.png,Pure Kanchipuram Saree with Premium Zari RedQS316156,QS316156,https://byrappasilk.in/storage/products/featured/featured_69c882b317b10.webp
saree_0633_QS316316.png,Mul Cotton Chikankari Work Rose pink QS316316,QS316316,https://byrappasilk.in/storage/products/featured/featured_69c8c3228d1f0.webp
saree_0634_QS316316.png,Mul Cotton Chikankari Work pink QS316316,QS316316,https://byrappasilk.in/storage/products/featured/featured_69c8c4284024d.webp
saree_0635_QS316316.png,Mul Cotton Chikankari Work Sea Green QS316316QS316316,QS316316,https://byrappasilk.in/storage/products/featured/featured_69c932d6e5511.webp
saree_0636_QS316316.png,Mul Cotton Chikankari Work Lavender QS316316,QS316316,https://byrappasilk.in/storage/products/featured/featured_69c933e32721c.webp
saree_0637_QS316316.png,Mul Cotton Chikankari Work Lavender QS316316,QS316316,https://byrappasilk.in/storage/products/featured/featured_69c93521bec27.webp
saree_0638_QS316316.png,Mul Cotton Chikankari Work Pink QS316316,QS316316,https://byrappasilk.in/storage/products/featured/featured_69c9360fb794d.webp
saree_0639_QS316316.png,Mul Cotton Chikankari Work Yellow QS316316,QS316316,https://byrappasilk.in/storage/products/featured/featured_69c938404c64e.webp
saree_0640_QW208753.png,Chiffon Saree With Heavy Ready Blouse Black & White QW208753,QW208753,https://byrappasilk.in/storage/products/featured/featured_69ca306091e53.webp
saree_0641_QS299451.png,Cocktail Saree Printed Crape with Sequence & Ready Blouse Multi-Colour QS301361,QS299451,https://byrappasilk.in/storage/products/featured/featured_69cb66f765b02.webp
saree_0642_QW208755.png,Chiffon Saree With Heavy Ready Blouse Black & White QW208755,QW208755,https://byrappasilk.in/storage/products/featured/featured_69cbaab7b85de.webp
saree_0643_QW208753.png,Chiffon Saree With Heavy Ready Blouse Black & White QW208753,QW208753,https://byrappasilk.in/storage/products/featured/featured_69cbab521e5a1.webp
saree_0644_QS312115.png,Pure Tussar Saree QS312115,QS312115,https://byrappasilk.in/storage/products/featured/featured_69cbbf9254883.webp
saree_0645_QW209255.png,Pure Kanchipuram Black & Peach QW209255,QW209255,https://byrappasilk.in/storage/products/featured/featured_69cc055fc44cf.webp
saree_0646_QS318935.png,Banaras Tissue Saree Intricate Glod Zari Border Royal Purple QS318935,QS318935,https://byrappasilk.in/storage/products/featured/featured_69cd4e1281365.webp
saree_0647_QS318935.png,Banaras Tissue Saree Intricate Glod Zari Border Red QS318935,QS318935,https://byrappasilk.in/storage/products/featured/featured_69cd5879064bf.webp
saree_0648_QS318764.png,Kathan Silk Saree QS318764,QS318764,https://byrappasilk.in/storage/products/featured/featured_69cd5c90a92b8.webp
saree_0649_QS318764.png,Kathan Silk Saree QS318764,QS318764,https://byrappasilk.in/storage/products/featured/featured_69cd5ce7982ec.webp
saree_0650_QS311200.png,Tussar Saree Black QS311200,QS311200,https://byrappasilk.in/storage/products/featured/featured_69ce3cc213bd0.webp
saree_0651_QS318859.png,Tussrar Saree Off-White Pearl Work S318859,QS318859,https://byrappasilk.in/storage/products/featured/featured_69ceafac49638.webp
saree_0652_QS318859.png,Tussrar Saree Off-White Pearl Work QS318859,QS318859,https://byrappasilk.in/storage/products/featured/featured_69ceb06382c52.webp
saree_0653_QS318859.png,Tussrar Saree Off-White Pearl Work QS318859,QS318859,https://byrappasilk.in/storage/products/featured/featured_69ceb0f834163.webp
saree_0654_QS319457.png,Silk Cotton Saree Geometric Ivory And Gold QS319457,QS319457,https://byrappasilk.in/storage/products/featured/featured_69cf4d7554d65.webp
saree_0655_QS319457.png,Silk Cotton Saree Geometric Ivory And Powder Blue QS319457,QS319457,https://byrappasilk.in/storage/products/featured/featured_69cf4e3ea1f07.webp
saree_0656_QS319457.png,Silk Cotton Saree Geometric Ivory And Aqua Blue Blue QS319457,QS319457,https://byrappasilk.in/storage/products/featured/featured_69cf4fc656a30.webp
saree_0657_QS304656.png,Linen Saree Delicate Embroidery With White & Pink  QS304656,QS304656,https://byrappasilk.in/storage/products/featured/featured_6a33d2d8d9d19.webp
saree_0658_QS304652.png,Linen Saree With White & Red Temple Border QS304652,QS304652,https://byrappasilk.in/storage/products/featured/featured_69cfb014bffbe.webp
saree_0659_QS304656.png,Linen Saree Delicate Embroidery With Yellow QS304656,QS304656,https://byrappasilk.in/storage/products/featured/featured_69cfc300aa8ff.webp
saree_0660_QS304656.png,Linen Saree Delicate Embroidery With Sky Blue QS304656,QS304656,https://byrappasilk.in/storage/products/featured/featured_69cfc4bcb023d.webp
saree_0661_QS304656.png,Linen Saree Delicate Embroidery With Seafoam Green QS304656,QS304656,https://byrappasilk.in/storage/products/featured/featured_69cfc535d658f.webp
saree_0662_QS317019.png,Semi Tussar Saree With White Floral Embroidery Work Sage Green QS317019,QS317019,https://byrappasilk.in/storage/products/featured/featured_69d4a0d0452f3.webp
saree_0663_QS3117002.png,Semi Tussar Saree With White Floral Embroidery Work Yellow QS317019,QS3117002,https://byrappasilk.in/storage/products/featured/featured_69d4a192cc6a8.webp
saree_0664_QS317019.png,Semi Tussar Saree With White Floral Embroidery Work White QS317019,QS317019,https://byrappasilk.in/storage/products/featured/featured_69d4a1fee86e6.webp
saree_0665_QS317019.png,Semi Tussar Saree With White Floral Embroidery Work Baby Pink QS317019,QS317019,https://byrappasilk.in/storage/products/featured/featured_69d4a2650e078.webp
saree_0666_QS319228.png,Printed Crape Saree With Heavy Mirror Work Ready Blouse QS319228,QS319228,https://byrappasilk.in/storage/products/featured/featured_69d4a5a20acc4.webp
saree_0667_QS308038.png,Floral Printed Crape Saree QS308038,QS308038,https://byrappasilk.in/storage/products/featured/featured_69d4ad36692e0.webp
saree_0668_QS308026.png,Floral Printed Crape Saree QS308026,QS308026,https://byrappasilk.in/storage/products/featured/featured_69d4adf0770c2.webp
saree_0669_QS308046.png,Floral Printed Crape Saree QS308046,QS308046,https://byrappasilk.in/storage/products/featured/featured_69d4c3ea1d846.webp
saree_0670_QS317223.png,Tussar Saree Black QS317223,QS317223,https://byrappasilk.in/storage/products/featured/featured_69d618a4d808e.webp
saree_0671_QW208695.png,Semi Viscose Regal Purple With Temple Border QW208695,QW208695,https://byrappasilk.in/storage/products/featured/featured_69d64514a5e8b.webp
saree_0672_QW208695.png,Semi Viscose Deep Purple With Temple Border QW208695,QW208695,https://byrappasilk.in/storage/products/featured/featured_69d64b1a60c85.webp
saree_0673_QS319189.png,Semi Tussar Saree Kutch Work Border Vibrant Cherry Red QS319189,QS319189,https://byrappasilk.in/storage/products/featured/featured_69d650937d6f4.webp
saree_0674_QS319189.png,Semi Tussar Saree Kutch Work Border Rani Pink,QS319189,https://byrappasilk.in/storage/products/featured/featured_69d657c21762f.webp
saree_0675_QS319189.png,Semi Tussar Saree Kutch Work Border Green QS319189,QS319189,https://byrappasilk.in/storage/products/featured/featured_69d6582e9096f.webp
saree_0676_QS319198.png,Semi Tussar Saree Kutch Work Border Teal Blue QS319198,QS319198,https://byrappasilk.in/storage/products/featured/featured_69d658f0ee17f.webp
saree_0677_QS319198.png,Semi Tussar Saree Kutch Work Border Royal Wine Purple QS319198,QS319198,https://byrappasilk.in/storage/products/featured/featured_69d65986f321b.webp
saree_0678_QS316321.png,Pure Organza Chikankari Floral Embroidery Mint Green QS316321,QS316321,https://byrappasilk.in/storage/products/featured/featured_69d65da1e5083.webp
saree_0679_QS316325.png,Pure Organza Chikankari Floral Embroidery Ice Blue,QS316325,https://byrappasilk.in/storage/products/featured/featured_69d65d6f191d9.webp
saree_0680_QS311939.png,Linen Cotton Saree Quirky Car Print Off White QS311939,QS311939,https://byrappasilk.in/storage/products/featured/featured_69d76d3d4c3e5.webp
saree_0681_QS311939.png,Linen Cotton Saree Quirky Car Print Mustard Yellow QS311939,QS311939,https://byrappasilk.in/storage/products/featured/featured_69d76dfd14f29.webp
saree_0682_QS311939.png,Linen Cotton Saree Quirky Car Print Lavender QS311939,QS311939,https://byrappasilk.in/storage/products/featured/featured_69d772738eca6.webp
saree_0683_QS311939.png,Linen Cotton Saree Quirky Car Print Peach QS311939,QS311939,https://byrappasilk.in/storage/products/featured/featured_69d773a1054db.webp
saree_0684_QW208695.png,Semi Viscose Black With Temple Border QW208695,QW208695,https://byrappasilk.in/storage/products/featured/featured_69d7c5b978ef4.webp
saree_0685_QS308048.png,Floral Printed Crape Saree QS308048,QS308048,https://byrappasilk.in/storage/products/featured/featured_69d8fb9e281c1.webp
saree_0686_QS310873.png,Floral Printed Crape Saree Yellow QS310873,QS310873,https://byrappasilk.in/storage/products/featured/featured_6a51e930ef99f.webp
saree_0687_AA201662.png,Banaras Pure Georgette Baby Pink AA201662,AA201662,https://byrappasilk.in/storage/products/featured/featured_69db0aa5d2749.webp
saree_0688_AA201663.png,Banaras Pure Georgette Elegant Lavender AA201663,AA201663,https://byrappasilk.in/storage/products/featured/featured_69db0f2253569.webp
saree_0689_AA201725.png,Pure Handloom Kora Saree Vibrant Orange & Pink AA201725,AA201725,https://byrappasilk.in/storage/products/featured/featured_69dc78135d4e5.webp
saree_0690_AA201725.png,Pure Handloom Kora Saree Vibrant Pink & Purple AA201725,AA201725,https://byrappasilk.in/storage/products/featured/featured_69dc7cbd829d5.webp
saree_0691_AA201725.png,Pure Handloom Kora Saree Vibrant Red & Pink AA201725,AA201725,https://byrappasilk.in/storage/products/featured/featured_69dc978cc2f3f.webp
saree_0692_AA201577.png,Handloom Tussar Saree  Silver Grey &Pastel Lavender  AA201577,AA201577,https://byrappasilk.in/storage/products/featured/featured_69dca1e6216c4.webp
saree_0693_AA201577.png,Handloom Tussar Saree Mint Green & Soft Peach AA201577,AA201577,https://byrappasilk.in/storage/products/featured/featured_69dca29be2fe4.webp
saree_0694_AA201577.png,Handloom Tussar Saree Lavender & White AA201577,AA201577,https://byrappasilk.in/storage/products/featured/featured_69dcd149a81fe.webp
saree_0695_AA201577.png,Handloom Tussar Saree Baby Pink & Peach AA201577,AA201577,https://byrappasilk.in/storage/products/featured/featured_69dcd24f3738e.webp
saree_0696_AA201577.png,Handloom Tussar Saree Seafoam Green & Pastel Pink AA201577,AA201577,https://byrappasilk.in/storage/products/featured/featured_69dcd2ba03d1d.webp
saree_0697_AA201736.png,Handloom Kora Saree Lemon Yellow AA201736,AA201736,https://byrappasilk.in/storage/products/featured/featured_69de348ae1e98.webp
saree_0698_AA201736.png,Handloom Kora Saree Lemon Orange & Red AA201736,AA201736,https://byrappasilk.in/storage/products/featured/featured_69de340a26aae.webp
saree_0699_AA201736.png,Handloom Kora Saree Yellow AA201736,AA201736,https://byrappasilk.in/storage/products/featured/featured_69de34692c4de.webp
saree_0700_AA204199.png,Pure Kanchipuram saree Brocade Design AA204199,AA204199,https://byrappasilk.in/storage/products/featured/featured_69df201cc58c2.webp
saree_0701_AA201589.png,Linen White with Floral Designs AA201589,AA201589,https://byrappasilk.in/storage/products/featured/featured_69df2a660b63f.webp
saree_0702_AA202718.png,Cocktail Saree Printed Crape AA202718,AA202718,https://byrappasilk.in/storage/products/featured/featured_69e0ab6144d52.webp
saree_0703_AA203564.png,Pure Organza Chikankari Floral White & Peach-Pink AA203564,AA203564,https://byrappasilk.in/storage/products/featured/featured_69e2278272e9e.webp
saree_0704_AA203564.png,Pure Organza Chikankari Floral White & Candy Pink AA203564,AA203564,https://byrappasilk.in/storage/products/featured/featured_69e2285f6dad2.webp
saree_0705_AA205142.png,Tussar Saree With Bandhani Print Mint Green AA205142,AA205142,https://byrappasilk.in/storage/products/featured/featured_69e26840624e3.webp
saree_0706_AA203564.png,Pure Organza Chikankari Floral Cream To Lemon Yellow AA203564,AA203564,https://byrappasilk.in/storage/products/featured/featured_69e325e8dee3f.webp
saree_0707_QS306192.png,Pure Organza Chikankari Floral Mint Green & Lavender QS306192,QS306192,https://byrappasilk.in/storage/products/featured/featured_69e3299b07e74.webp
saree_0708_QS306206.png,Pure Organza Chikankari Floral Pastel Mint To lalic QS306206,QS306206,https://byrappasilk.in/storage/products/featured/featured_69e32bb6a5ef2.webp
saree_0709_QS306206.png,Pure Organza Chikankari Floral Yellow & Peach QS306206,QS306206,https://byrappasilk.in/storage/products/featured/featured_69e32cc9447f1.webp
saree_0710_AS200027.png,Cocktail Party Wear Pink AS200027,AS200027,https://byrappasilk.in/storage/products/featured/featured_69e4e90b536a4.webp
saree_0711_AA205129.png,Kathan Banaras Saree Coffee Brown AA205129,AA205129,https://byrappasilk.in/storage/products/featured/featured_69e5ddbdd22e3.webp
saree_0712_AA205129.png,Kathan Banaras Saree Olive Green AA205129,AA205129,https://byrappasilk.in/storage/products/featured/featured_69e5e30dae33e.webp
saree_0713_AA205129.png,Kathan Banaras Saree Deep Purple AA205129,AA205129,https://byrappasilk.in/storage/products/featured/featured_69e5e3a7675e1.webp
saree_0714_AA206403.png,Semi Tussar Saree ink Blue AA206403,AA206403,https://byrappasilk.in/storage/products/featured/featured_69e7c803674e8.webp
saree_0715_AA206403.png,Semi Tussar Saree Crimson Red AA206403,AA206403,https://byrappasilk.in/storage/products/featured/featured_69e7c89659300.webp
saree_0716_AA206403.png,Semi Tussar Saree Mauve Purple AA206403,AA206403,https://byrappasilk.in/storage/products/featured/featured_69e82e872cf21.webp
saree_0717_AA206403.png,Semi Tussar Saree Mustard Yellow AA206403,AA206403,https://byrappasilk.in/storage/products/featured/featured_69e88117cd2f8.webp
saree_0718_AA206403.png,Semi Tussar Saree Dark Green AA206403,AA206403,https://byrappasilk.in/storage/products/featured/featured_69e885ef44469.webp
saree_0719_AA206403.png,Semi Tussar Saree tard Rani Pink AA206403,AA206403,https://byrappasilk.in/storage/products/featured/featured_69e886875db60.webp
saree_0720_AA206390.png,Semin Tussar Saree Mauve Pink AA206390,AA206390,https://byrappasilk.in/storage/products/featured/featured_69e9d5328f45a.webp
saree_0721_AA206390.png,Semi Tussar Saree Steel Grey AA206390,AA206390,https://byrappasilk.in/storage/products/featured/featured_69e9d61b7e24b.webp
saree_0722_AA206390.png,Semi Tussar Saree Terracotta Copper AA206390,AA206390,https://byrappasilk.in/storage/products/featured/featured_69e9d78dbc9a6.webp
saree_0723_AA206390.png,Semi Tussar Saree Metallic Coffee Brown AA206390,AA206390,https://byrappasilk.in/storage/products/featured/featured_69e9d88e5bc85.webp
saree_0724_AA206390.png,Semi Tussar Saree Olive Green AA206390,AA206390,https://byrappasilk.in/storage/products/featured/featured_69e9d9a001f5f.webp
saree_0725_AA206390.png,Semi Tussar Saree Teal Blue AA206390,AA206390,https://byrappasilk.in/storage/products/featured/featured_69e9dbdca52e9.webp
saree_0726_QS318759.png,Pure Handloom Tussar Saree Dusty Rose QS318759,QS318759,https://byrappasilk.in/storage/products/featured/featured_69eb5a182612c.webp
saree_0727_QS318759.png,Pure Handloom Tussar Saree Metallic Olive QS318759,QS318759,https://byrappasilk.in/storage/products/featured/featured_69eb5b32de4cd.webp
saree_0728_AA206381.png,Semi Tussar Saree Peach Multi-Colour Striped Border AA206381,AA206381,https://byrappasilk.in/storage/products/featured/featured_69ec5e8a7f7b1.webp
saree_0729_AA206381.png,Semi Tussar Saree Beige Multi-Colour Striped Border AA206381,AA206381,https://byrappasilk.in/storage/products/featured/featured_69ec60839ab87.webp
saree_0730_AA206381.png,Semi Tussar Saree Candy Pink Multi-Colour Striped Border AA206381,AA206381,https://byrappasilk.in/storage/products/featured/featured_69ec63ca4992c.webp
saree_0731_AA206381.png,Semi Tussar Saree Sky Blue Multi-Colour Striped Border AA206381,AA206381,https://byrappasilk.in/storage/products/featured/featured_69ec6455d7cf7.webp
saree_0732_AA206381.png,Semi Tussar Saree Lavender Pink Multi-Colour Striped Border AA206381,AA206381,https://byrappasilk.in/storage/products/featured/featured_69ec9f0d97df4.webp
saree_0733_AA207923.png,Linen Saree With White & Black Temple Border AA207923,AA207923,https://byrappasilk.in/storage/products/featured/featured_69ecc384da0dd.webp
saree_0734_AS200131.png,Khaddhi Georgette Saree Sky Blue & Yellow AS200131,AS200131,https://byrappasilk.in/storage/products/featured/featured_69ef197653802.webp
saree_0735_AS200131.png,Khaddhi Georgette Saree Yellow & Sky Blue AS200131,AS200131,https://byrappasilk.in/storage/products/featured/featured_69ef1b157cdad.webp
saree_0736_AA206740.png,Semi Tussar Saree Peach Colour AA206740,AA206740,https://byrappasilk.in/storage/products/featured/featured_69f04c4a13874.webp
saree_0737_AA206740.png,Semi Tussar Saree Cream Colour AA206740,AA206740,https://byrappasilk.in/storage/products/featured/featured_69f04e5d311ca.webp
saree_0738_AA206740.png,Semi Tussar Saree Blush Pink Colour AA206740,AA206740,https://byrappasilk.in/storage/products/featured/featured_69f04f1473318.webp
saree_0739_AA206740.png,Semi Tussar Saree Pista Green Colour AA206740,AA206740,https://byrappasilk.in/storage/products/featured/featured_69f04f94250d4.webp
saree_0740_QS319403.png,Banarasi Saree Leheriya Print Ruby Red & Pink QS319403,QS319403,https://byrappasilk.in/storage/products/featured/featured_69f0559246ed7.webp
saree_0741_QS319403.png,Banarasi Saree Leheriya Print Dual-Tone Teal & Slate Blue QS319403,QS319403,https://byrappasilk.in/storage/products/featured/featured_69f056bbe749e.webp
saree_0742_QS319403.png,Banarasi Saree Leheriya Print Orange & Red QS319403,QS319403,https://byrappasilk.in/storage/products/featured/featured_69f064af7c78d.webp
saree_0743_QS319403.png,Banarasi Saree Leheriya Print Mustard & Lime Green QS319403,QS319403,https://byrappasilk.in/storage/products/featured/featured_69f066676c95c.webp
saree_0744_QS319403.png,Banarasi Saree Leheriya Print Steel Grey & Charcoal Black QS319403,QS319403,https://byrappasilk.in/storage/products/featured/featured_69f067a407e25.webp
saree_0745_QS319400.png,Banarasi Saree Leheriya Print Deep Purple & Lavender QS319400,QS319400,https://byrappasilk.in/storage/products/featured/featured_69f06975c06fd.webp
saree_0746_AA206669.png,Semi Tussar Saree Deep Magenta Pink AA206669,AA206669,https://byrappasilk.in/storage/products/featured/featured_69f07b5555991.webp
saree_0747_AA206669.png,Semi Tussar Saree Green AA206669,AA206669,https://byrappasilk.in/storage/products/featured/featured_69f07cf8b8943.webp
saree_0748_AA206669.png,Semi Tussar Saree Midnight Blue AA206669,AA206669,https://byrappasilk.in/storage/products/featured/featured_69f07db2a4719.webp
saree_0749_AA206669.png,Semi Tussar Saree Raspberry Pink AA206669,AA206669,https://byrappasilk.in/storage/products/featured/featured_69f07f4696e31.webp
saree_0750_AA206669.png,Semi Tussar Saree Yellow AA206669,AA206669,https://byrappasilk.in/storage/products/featured/featured_69f07f9a96603.webp
saree_0751_AA206669.png,Semi Tussar Saree Royal Mulberry Purple AA206669,AA206669,https://byrappasilk.in/storage/products/featured/featured_69f07ff605be5.webp
saree_0752_QS312053.png,Linen Cotton Saree White & Sage Green QS312053,QS312053,https://byrappasilk.in/storage/products/featured/featured_69f0a9140f208.webp
saree_0753_QS312053.png,Linen Cotton Saree Light Pink QS312053,QS312053,https://byrappasilk.in/storage/products/featured/featured_69f0a9e0656d3.webp
saree_0754_QS312053.png,Linen Cotton Saree Candy Pink QS312053,QS312053,https://byrappasilk.in/storage/products/featured/featured_69f0aabd1ce65.webp
saree_0755_AA207958.png,Linen Cotton Saree Multi-Color Rainbow Stripe White Lace Border AA207958,AA207958,https://byrappasilk.in/storage/products/featured/featured_69f1943db6c6a.webp
saree_0756_AA207916.png,Cotton Saree Black Bird Design AA207916,AA207916,https://byrappasilk.in/storage/products/featured/featured_69f4709549c4a.webp
saree_0757_AA207916.png,Cotton Saree Grey Muslin Bird Design AA207916,AA207916,https://byrappasilk.in/storage/products/featured/featured_69f472c0a5909.webp
saree_0758_AA207916.png,Cotton Saree Maroon Bird Design AA207916,AA207916,https://byrappasilk.in/storage/products/featured/featured_69f4733c95475.webp
saree_0759_AA207916.png,Cotton Saree Olive Green Bird Design AA207916,AA207916,https://byrappasilk.in/storage/products/featured/featured_69f476a60a2f9.webp
saree_0760_Cotton Saree Brown Bird Design AA207916.png,Cotton Saree Brown Bird Design AA207916,Cotton Saree Brown Bird Design AA207916,https://byrappasilk.in/storage/products/featured/featured_69f477a7b6d31.webp
saree_0761_AA207916.png,Cotton Saree Brown Bird Design AA207916,AA207916,https://byrappasilk.in/storage/products/featured/featured_69f4786974460.webp
saree_0762_AA212183.png,Chiffon Saree Black With Mustard Yellow AA212183,AA212183,https://byrappasilk.in/storage/products/featured/featured_69fad72788bb8.webp
saree_0763_QS319126.png,Semi Tussar Saree Hand Work Beige & Vibrant Purple QS319126,QS319126,https://byrappasilk.in/storage/products/featured/featured_6a02d5d26a7c4.webp
saree_0764_QS304130.png,Semi Tussar Saree Hand Work Vibrant Pink & Purple Striped QS304130,QS304130,https://byrappasilk.in/storage/products/featured/featured_6a02da98da6f4.webp
saree_0765_AA207601.png,Pure Mysore Silk Saree Sky Blue & Black AA207601,AA207601,https://byrappasilk.in/storage/products/featured/featured_6a02f7b13da76.webp
saree_0766_AA207601.png,Pure Mysore Silk Saree Purple & Black AA207601,AA207601,https://byrappasilk.in/storage/products/featured/featured_6a02f88f6d54f.webp
saree_0767_AA207601.png,Pure Mysore Silk Saree Baby Pink & Royal Blue AA207601,AA207601,https://byrappasilk.in/storage/products/featured/featured_6a02faa3871c9.webp
saree_0768_AA208568.png,Pure Mysore Silk Saree Royal Blue AA208568,AA208568,https://byrappasilk.in/storage/products/featured/featured_6a03e843acc4e.webp
saree_0769_AA208568.png,Pure Mysore Silk Saree Yellow & Green AA208568,AA208568,https://byrappasilk.in/storage/products/featured/featured_6a03eacf2541a.webp
saree_0770_AA208568.png,Pure Mysore Silk Saree Red & Black AA208568,AA208568,https://byrappasilk.in/storage/products/featured/featured_6a04062984fac.webp
saree_0771_AA208568.png,Pure Mysore Silk Saree Orange & Brown AA208568,AA208568,https://byrappasilk.in/storage/products/featured/featured_6a043d114539b.webp
saree_0772_AA208568.png,Pure Mysore Silk Saree Sea Green & Black AA208568,AA208568,https://byrappasilk.in/storage/products/featured/featured_6a043e12f2810.webp
saree_0773_AA208568.png,Pure Mysore Silk Saree Lavender & Deep Purple  AA208568,AA208568,https://byrappasilk.in/storage/products/featured/featured_6a043ec3d6010.webp
saree_0774_QS285157.png,Pure Tussar Saree Floral Embroidery Wine QS285157,QS285157,https://byrappasilk.in/storage/products/featured/featured_6a0581bcd97c7.webp
saree_0775_AA207719.png,Crape Silk Saree Deep Magenta & Soft Pink AA207719,AA207719,https://byrappasilk.in/storage/products/featured/featured_6a0583d556860.webp
saree_0776_AA207719.png,Crape Silk Saree Baby Pink & Orange AA207719,AA207719,https://byrappasilk.in/storage/products/featured/featured_6a05894953ea5.webp
saree_0777_AA207719.png,Crape Silk Saree White & Yellow AA207719,AA207719,https://byrappasilk.in/storage/products/featured/featured_6a058adb962ed.webp
saree_0778_AA207703.png,Crape Silk Saree Off-White & Brown AA207703,AA207703,https://byrappasilk.in/storage/products/featured/featured_6a05988413ce6.webp
saree_0779_AA207703.png,Crape Silk Saree Black & Orange AA207703,AA207703,https://byrappasilk.in/storage/products/featured/featured_6a0598ef81936.webp
saree_0780_AA200944.png,Banarsi Saree Purple Colour  AA200944,AA200944,https://byrappasilk.in/storage/products/featured/featured_6a05a9f08c4cd.webp
saree_0781_AA200944.png,Banarsi Saree Pink Colour AA200944,AA200944,https://byrappasilk.in/storage/products/featured/featured_6a05aa68a1fd4.webp
saree_0782_QS319227.png,Printed Crape Saree Blue & White With Ready Blouse QS319227,QS319227,https://byrappasilk.in/storage/products/featured/featured_6a06c35c9cc0a.webp
saree_0783_QS315937.png,Printed Crape Saree Deep Teal Blue With Ready Blouse QS315937,QS315937,https://byrappasilk.in/storage/products/featured/featured_6a06c58a34151.webp
saree_0784_QS319222.png,Printed Crape Saree Yellow & White With Ready Blouse QS319222,QS319222,https://byrappasilk.in/storage/products/featured/featured_6a06c6cf2edde.webp
saree_0785_QS319232.png,Printed Crape Saree Green With Ready Blouse QS319232,QS319232,https://byrappasilk.in/storage/products/featured/featured_6a06d3aa707a6.webp
saree_0786_QW208762.png,Tissue Saree Lavender With Ready Blouse QW208762,QW208762,https://byrappasilk.in/storage/products/featured/featured_6a06e5cd69282.webp
saree_0787_AA204877.png,Pure Tussar Saree Kutch Work Beige AA204877,AA204877,https://byrappasilk.in/storage/products/featured/featured_6a43ad04c4dd5.webp
saree_0788_AA204877.png,Pure Tussar Saree Kutch Work Beige AA204877,AA204877,https://byrappasilk.in/storage/products/featured/featured_6a43ac079c20d.webp
saree_0789_AA204877.png,Pure Tussar Saree Kutch Work Beige AA204877,AA204877,https://byrappasilk.in/storage/products/featured/featured_6a43abc5a404e.webp
saree_0790_QS304756.png,Pure Tussar Saree Kutch Work Beige QS304756,QS304756,https://byrappasilk.in/storage/products/featured/featured_6a43aeae08c77.webp
saree_0791_AA210459.png,Pure Linen Saree Off-White & Pastel Pink AA210459,AA210459,https://byrappasilk.in/storage/products/featured/featured_6a083ab809c7a.webp
saree_0792_AA210459.png,Pure Linen Saree Off-White & Sky Blue AA210459,AA210459,https://byrappasilk.in/storage/products/featured/featured_6a083b86f0aa1.webp
saree_0793_AA210459.png,Pure Linen Saree Off-White & Pastel Green AA210459,AA210459,https://byrappasilk.in/storage/products/featured/featured_6a083c68617fe.webp
saree_0794_AA210459.png,Pure Linen Saree Off-White & Lemon Yellow AA210459,AA210459,https://byrappasilk.in/storage/products/featured/featured_6a08405fb93e7.webp
saree_0795_AA204199.png,Pure Kanchipuram saree Brocade Design AA204199,AA204199,https://byrappasilk.in/storage/products/featured/featured_6a08485205a5e.webp
saree_0796_AA204199.png,Pure Kanchipuram Saree Brocade Design AA204199,AA204199,https://byrappasilk.in/storage/products/featured/featured_6a0849371aa1f.webp
saree_0797_AA210459.png,Pure Linen Saree Pastel Pink Floral Printed AA210459,AA210459,https://byrappasilk.in/storage/products/featured/featured_6a084a66976f6.webp
saree_0798_AA210369.png,Tissue Banaras Saree Pastel Pink AA210369,AA210369,https://byrappasilk.in/storage/products/featured/featured_6a08668229ba4.webp
saree_0799_AA210369.png,Tissue Banaras Saree-AA210369,AA210369,https://byrappasilk.in/storage/products/featured/featured_6a086cb396923.webp
saree_0800_AA210369.png,Tissue Banaras Saree-AA210369,AA210369,https://byrappasilk.in/storage/products/featured/featured_6a086d30e86de.webp
saree_0801_AA210369.png,Tissue Banaras Saree-AA210369,AA210369,https://byrappasilk.in/storage/products/featured/featured_6a086d7e91c1a.webp
saree_0802_AA210369.png,Tissue Banaras Saree-AA210369,AA210369,https://byrappasilk.in/storage/products/featured/featured_6a086de5622c4.webp
saree_0803_QS316983.png,Pure Crape Silk Saree Red Black Border QS316983,QS316983,https://byrappasilk.in/storage/products/featured/featured_6a0924d2e71f0.webp
saree_0804_AA207608.png,Pure Mysore Silk Saree Checks Baby Pink With Pink Border AA207608,AA207608,https://byrappasilk.in/storage/products/featured/featured_6a0acd34b9f1e.webp
saree_0805_AA207608.png,Pure Mysore Silk Saree Checks Black With Red Border AA207608,AA207608,https://byrappasilk.in/storage/products/featured/featured_6a0ace072f1c2.webp
saree_0806_AA207608.png,Pure Mysore Silk Saree Checks Yellow With Black Border AA207608,AA207608,https://byrappasilk.in/storage/products/featured/featured_6a0aced9919b8.webp
saree_0807_AA207608.png,Pure Mysore Silk Saree Checks Black With Orange Border AA207608,AA207608,https://byrappasilk.in/storage/products/featured/featured_6a0acf74e5ac0.webp
saree_0808_QS286872.png,Satin Banarasi Red Saree with Gold Border  QS286872,QS286872,https://byrappasilk.in/storage/products/featured/featured_6a1575d89c597.webp
saree_0809_AA208424.png,Kanjeevaram Purple Pure Silk Saree 1GSM  AA208424,AA208424,https://byrappasilk.in/storage/products/featured/featured_6a0c5eee39e61.webp
saree_0810_AA208424.png,Kanjeevaram Magenta Pure Silk Saree 1GSM AA208424,AA208424,https://byrappasilk.in/storage/products/featured/featured_6a0c5f2e337a9.webp
saree_0811_QS286870.png,Pure Tusser Saree Musted Yellow with Flower Design QS286870,QS286870,https://byrappasilk.in/storage/products/featured/featured_6a15728b535e1.webp
saree_0812_QS283085.png,Pure Tusser Saree Green with Flower Design  QS283085,QS283085,https://byrappasilk.in/storage/products/featured/featured_6a1572752ff54.webp
saree_0813_QS283085.png,Pure Tusser  Saree Orange with Flower Design QS283085,QS283085,https://byrappasilk.in/storage/products/featured/featured_6a0eb4a973a0c.webp
saree_0814_QS278730.png,Pure Tusser Saree Black with Embroidery QS278730,QS278730,https://byrappasilk.in/storage/products/featured/featured_6a0eb5b15ace6.webp
saree_0815_QS319275.png,Tissue Organza Half White with Pink  flower Design QS319275,QS319275,https://byrappasilk.in/storage/products/featured/featured_6a0eb7704fec3.webp
saree_0816_QS319392.png,Tissue Organza Golden Saree with Flower Design QS319392,QS319392,https://byrappasilk.in/storage/products/featured/featured_6a0ecc3030cf1.webp
saree_0817_AA211077.png,Pure Linen Saree Pastel Lavender with Floral Printed Saree AA211077,AA211077,https://byrappasilk.in/storage/products/featured/featured_6a0ee2752b2eb.webp
saree_0818_AA211361.png,Kota Cotton Saree with Aplic work Elegant Being Organza Fabric with Black cut work floral Border AA211361,AA211361,https://byrappasilk.in/storage/products/featured/featured_6a1174d4c1c02.webp
saree_0819_AA211363.png,Kota Cotton Saree with Aplic work Elegant Being Organza Fabric with Black Cut work floral Border AA211363,AA211363,https://byrappasilk.in/storage/products/featured/featured_6a11762a12a99.webp
saree_0820_AA211363.png,Kota Cotton Saree with Aplic work Elegant Being Organza Fabric with Red Cut Work floral Border AA211363,AA211363,https://byrappasilk.in/storage/products/featured/featured_6a11770684cdf.webp
saree_0821_AA211365.png,Kota Cotton Saree With Aplic Work Elegant Being Organza Fabric with Black Cut Work Floral border AA211365,AA211365,https://byrappasilk.in/storage/products/featured/featured_6a11782b499a4.webp
saree_0822_AA211365.png,Kota Cotton Saree with Aplic Work Elegant Being Organza Fabric with Red Cut Work Floral Border AA211365,AA211365,https://byrappasilk.in/storage/products/featured/featured_6a1178d95152e.webp
saree_0823_AA210874.png,Kadi Georgette Saree Yellow with Rama Green Border AA210874,AA210874,https://byrappasilk.in/storage/products/featured/featured_6a1190ddb966a.webp
saree_0824_AA210874.png,Kadi Georgette Saree Coffee Brown with Parrot Green AA210874,AA210874,https://byrappasilk.in/storage/products/featured/featured_6a1191851b962.webp
saree_0825_AA210874.png,Kadi Georgette Saree Dark Blue with Baby pink Border AA210874,AA210874,https://byrappasilk.in/storage/products/featured/featured_6a11921b7b60f.webp
saree_0826_AA210874.png,Kadi Georgette Saree Musted Yellow with Dark Blue AA210874,AA210874,https://byrappasilk.in/storage/products/featured/featured_6a1192c683a03.webp
saree_0827_AA210874.png,Kadi Georgette Saree Orange with Coffee Brown AA210874,AA210874,https://byrappasilk.in/storage/products/featured/featured_6a11934cde532.webp
saree_0828_AA210874.png,Kadi Georgette Saree Dark Blue with Rama Green Border AA210874,AA210874,https://byrappasilk.in/storage/products/featured/featured_6a11948fdf937.webp
saree_0829_AA210874.png,Kadi Georgette Saree Orange with Baby Pink AA210874,AA210874,https://byrappasilk.in/storage/products/featured/featured_6a1195847d131.webp
saree_0830_AA210874.png,Kadi Georgette Saree Rama Green with Yellow Border AA210874,AA210874,https://byrappasilk.in/storage/products/featured/featured_6a11962a6a55f.webp
saree_0831_AA211400.png,Designer Fancy Saree with Navy Blue  Blouse AA211400,AA211400,https://byrappasilk.in/storage/products/featured/featured_6a158eabdfa6e.webp
saree_0832_AA211400.png,Designer Fancy Saree with Orange Blouse AA211400,AA211400,https://byrappasilk.in/storage/products/featured/featured_6a158e37303ee.webp
saree_0833_AS20001.png,Bandhani Saree Dual Shade Multicolour With Red Ready Blouse AS200051,AS20001,https://byrappasilk.in/storage/products/featured/featured_6a14321cabb8e.webp
saree_0834_AS200051.png,Bandhani Saree Dual Shade Multicolour With Pink Ready Blouse AS200051,AS200051,https://byrappasilk.in/storage/products/featured/featured_6a143200b0b1d.webp
saree_0835_AA210413.png,Tissue Semi Kanchipuram Saree AA210413,AA210413,https://byrappasilk.in/storage/products/featured/featured_6a168d4fec518.webp
saree_0836_AA210413.png,Tissue Semi Kanchipuram Saree AA210413,AA210413,https://byrappasilk.in/storage/products/featured/featured_6a16906699ca7.webp
saree_0837_AA210413.png,Tissue Semi Kanchipuram Saree AA210413,AA210413,https://byrappasilk.in/storage/products/featured/featured_6a169114a246e.webp
saree_0838_QS316768.png,Tissue Saree Hand Work QS316768,QS316768,https://byrappasilk.in/storage/products/featured/featured_6a180416a824e.webp
saree_0839_AA209754.png,Semi Kanchipuram Dual-Tone Wine AA209754,AA209754,https://byrappasilk.in/storage/products/featured/featured_6a1942d35340e.webp
saree_0840_AA209875.png,Semi Kanchipuram Mustard Gold AA209875,AA209875,https://byrappasilk.in/storage/products/featured/featured_6a1944d83ec4a.webp
saree_0841_AA209672.png,Semi Kanchipuram Deep Wine AA209672,AA209672,https://byrappasilk.in/storage/products/featured/featured_6a194ee3317de.webp
saree_0842_AA212783.png,Semi Tussar Saree Mustard Yellow AA212783,AA212783,https://byrappasilk.in/storage/products/featured/featured_6a1a978c7e0e7.webp
saree_0843_AA212783.png,Semi Tussar Saree Pastel Green AA212783,AA212783,https://byrappasilk.in/storage/products/featured/featured_6a1a990587c4b.webp
saree_0844_AA212783.png,Semi Tussar Saree Olive Green AA212783,AA212783,https://byrappasilk.in/storage/products/featured/featured_6a1a9a250951a.webp
saree_0845_AA212783.png,Semi Tussar Saree Pastel Pink AA212783,AA212783,https://byrappasilk.in/storage/products/featured/featured_6a1a9c8945286.webp
saree_0846_AA212783.png,Semi Tussar Saree Pastel Peach AA212783,AA212783,https://byrappasilk.in/storage/products/featured/featured_6a1a9d71eb9b6.webp
saree_0847_AA212851.png,Semi Tussar Saree Olive Green AA212851,AA212851,https://byrappasilk.in/storage/products/featured/featured_6a1d31b5c9b3f.webp
saree_0848_AA212851.png,Semi Tussar Saree Lavender Pink AA212851,AA212851,https://byrappasilk.in/storage/products/featured/featured_6a1d3793ec668.webp
saree_0849_AA212851.png,Semi Tussar Saree Grey AA212851,AA212851,https://byrappasilk.in/storage/products/featured/featured_6a1d38c003def.webp
saree_0850_AA212851.png,Semi Tussar Saree Sky Blue Shade AA212851,AA212851,https://byrappasilk.in/storage/products/featured/featured_6a1d396d4be6b.webp
saree_0851_AA212851.png,Semi Tussar Saree Turquoise Blue AA212851,AA212851,https://byrappasilk.in/storage/products/featured/featured_6a1d3a7c90e8d.webp
saree_0852_AA212851.png,Semi Tussar Saree Rose Pink AA212851,AA212851,https://byrappasilk.in/storage/products/featured/featured_6a1d3b1528fff.webp
saree_0853_AA212183.png,Chiffon Saree Pink With Mustard Yellow AA212183,AA212183,https://byrappasilk.in/storage/products/featured/featured_6a1d693380be6.webp
saree_0854_AA212503.png,Cocktail Party Wear Elegant Champagne Beige Sequin Saree AA212503,AA212503,https://byrappasilk.in/storage/products/featured/featured_6a1d87c9d09cc.webp
saree_0855_AA212828.png,Semi Tussar Saree Pastel Pink AA212828,AA212828,https://byrappasilk.in/storage/products/featured/featured_6a1e9dd6da390.webp
saree_0856_AA212828.png,Semi Tussar Saree Lavender AA212828,AA212828,https://byrappasilk.in/storage/products/featured/featured_6a1e9d44d768a.webp
saree_0857_AA212828.png,Semi Tussar Saree Lavender Pink AA212828,AA212828,https://byrappasilk.in/storage/products/featured/featured_6a1eb4f59bb91.webp
saree_0858_AA212828.png,Semi Tussar Saree Pastel Green AA212828,AA212828,https://byrappasilk.in/storage/products/featured/featured_6a1eb5b6deab4.webp
saree_0859_AA212828.png,Semi Tussar Saree Sky Blue AA212828,AA212828,https://byrappasilk.in/storage/products/featured/featured_6a1eb656c066f.webp
saree_0860_AA212828.png,Semi Tussar Saree Beige AA212828,AA212828,https://byrappasilk.in/storage/products/featured/featured_6a1eb6fc04276.webp
saree_0861_AA213060.png,Linen Black Saree with White Butta  AA213060,AA213060,https://byrappasilk.in/storage/products/featured/featured_6a212a6b1c28a.webp
saree_0862_AA213060.png,Linen Gray Saree with Green Shade with White Butta AA213060,AA213060,https://byrappasilk.in/storage/products/featured/featured_6a212b7648455.webp
saree_0863_AA207560.png,Chiffon Elegant Off-White Saree AA207560,AA207560,https://byrappasilk.in/storage/products/featured/featured_6a265d72d1005.webp
saree_0864_AA213800.png,Linen Geometric Print Floral Embroidery Saree AA213800,AA213800,https://byrappasilk.in/storage/products/featured/featured_6a267dd9ee512.webp
saree_0865_AA213869.png,Pure Kanjivaram Saree Rama Green  with Black AA213869,AA213869,https://byrappasilk.in/storage/products/featured/featured_6a26bdd90c256.webp
saree_0866_AA213869.png,Pure Kanjivaram Saree Levander with Black Border AA213869,AA213869,https://byrappasilk.in/storage/products/featured/featured_6a26bf3adf2a3.webp
saree_0867_AA213869.png,Pure Kanjivaram Saree Purple with Black Border AA213869,AA213869,https://byrappasilk.in/storage/products/featured/featured_6a26bfe05d0df.webp
saree_0868_AA213832.png,Pure Mysore Silk Saree Royal Blue  AA213832,AA213832,https://byrappasilk.in/storage/products/featured/featured_6a26ca9e6a785.webp
saree_0869_AA212801.png,Semi Tussar Saree Lavender AA212801,AA212801,https://byrappasilk.in/storage/products/featured/featured_6a27b368693f3.webp
saree_0870_AA213084.png,Linen Saree Pastel Mint Green With Ikkat Print Pallu AA213084,AA213084,https://byrappasilk.in/storage/products/featured/featured_6a27b6b1371f5.webp
saree_0871_AA213084.png,Linen Saree Light Pink With Ikkat Print Pallu AA213084,AA213084,https://byrappasilk.in/storage/products/featured/featured_6a27b76dbf6c3.webp
saree_0872_AA213084.png,Linen Saree Light Grey With Ikkat Print Pallu AA213084,AA213084,https://byrappasilk.in/storage/products/featured/featured_6a27b7ee7ffe0.webp
saree_0873_AA213084.png,Linen Saree Paste Pink AA213084,AA213084,https://byrappasilk.in/storage/products/featured/featured_6a27ba54ddd76.webp
saree_0874_AA213084.png,Linen Saree Pastel Mint Green AA213084,AA213084,https://byrappasilk.in/storage/products/featured/featured_6a27bba43fd5d.webp
saree_0875_AA300350.png,Linen Cotton Saree White With Crimson Red AA300350,AA300350,https://byrappasilk.in/storage/products/featured/featured_6a28f6d2aa8d7.webp
saree_0876_AA300350.png,Linen Cotton Saree White With Blush Pink AA300350,AA300350,https://byrappasilk.in/storage/products/featured/featured_6a28f77781e7d.webp
saree_0877_AA300350.png,Linen Cotton Saree White With Deep Pink AA300350,AA300350,https://byrappasilk.in/storage/products/featured/featured_6a28faff55186.webp
saree_0878_AA300350.png,Linen Cotton Saree White With Violet  Purple AA300350,AA300350,https://byrappasilk.in/storage/products/featured/featured_6a28fbf09f1bb.webp
saree_0879_AA300350.png,Linen Cotton Saree White With Black AA300350,AA300350,https://byrappasilk.in/storage/products/featured/featured_6a2907e625ea0.webp
saree_0880_AA300350.png,Linen Cotton Saree White With Blue AA300350,AA300350,https://byrappasilk.in/storage/products/featured/featured_6a29130a7c930.webp
saree_0881_AA300350.png,Linen Cotton Saree White With Purple Ombre AA300350,AA300350,https://byrappasilk.in/storage/products/featured/featured_6a29146c38545.webp
saree_0882_AA300350.png,Linen Cotton Saree White With Sky Blue AA300350,AA300350,https://byrappasilk.in/storage/products/featured/featured_6a29178f2012e.webp
saree_0883_AA300350.png,Linen Cotton Saree White With Light Brown AA300350,AA300350,https://byrappasilk.in/storage/products/featured/featured_6a29197ca3ffe.webp
saree_0884_AA300350.png,Linen Cotton Saree White With Wine Colour AA300350,AA300350,https://byrappasilk.in/storage/products/featured/featured_6a291aeae14a7.webp
saree_0885_AA212761.png,Semi Tussar Saree Cut Work Pastel Green AA212761,AA212761,https://byrappasilk.in/storage/products/featured/featured_6a2a76224dfff.webp
saree_0886_AA212761.png,Semi Tussar Saree Cut Work Light Pink AA212761,AA212761,https://byrappasilk.in/storage/products/featured/featured_6a2a7897b9cf8.webp
saree_0887_AA212761.png,Semi Tussar Saree Cut Work Powder Blue AA212761,AA212761,https://byrappasilk.in/storage/products/featured/featured_6a2a790b536d0.webp
saree_0888_AA212761.png,Semi Tussar Saree Cut Work Lime Green AA212761,AA212761,https://byrappasilk.in/storage/products/featured/featured_6a2a79789ce34.webp
saree_0889_AA212761.png,Semi Tussar Saree Cut Work Peach AA212761,AA212761,https://byrappasilk.in/storage/products/featured/featured_6a2a7a09ce285.webp
saree_0890_AA300263.png,Semi Tussar Saree Beige Floral Embroidery AA300263,AA300263,https://byrappasilk.in/storage/products/featured/featured_6a2a8d1be37b5.webp
saree_0891_AA213800.png,Linen Geometric Print Floral Embroidery Saree AA213800,AA213800,https://byrappasilk.in/storage/products/featured/featured_6a2bb76f90b60.webp
saree_0892_AA205129.png,Kathan Banaras Saree Light Maroon AA205129,AA205129,https://byrappasilk.in/storage/products/featured/featured_6a2d46b184ab0.webp
saree_0893_AA205129.png,Kathan Banaras Saree Royal Purple AA205129,AA205129,https://byrappasilk.in/storage/products/featured/featured_6a2d4756c3e04.webp
saree_0894_AA212503.png,Cocktail Party Wear Elegant Turquoise Blue Sequin Saree AA212503,AA212503,https://byrappasilk.in/storage/products/featured/featured_6a2d578807557.webp
saree_0895_AA212503.png,Cocktail Party Wear Elegant Magenta Pink Sequin Saree AA212503,AA212503,https://byrappasilk.in/storage/products/featured/featured_6a2d58565e5ca.webp
saree_0896_AA212503.png,Cocktail Party Wear Mustard Yellow Sequin Saree AA212503,AA212503,https://byrappasilk.in/storage/products/featured/featured_6a2d5a35b5263.webp
saree_0897_AA300423.png,Pure Kanchipuram Saree AA300423,AA300423,https://byrappasilk.in/storage/products/featured/featured_6a2fbd73aebe2.webp
saree_0898_AA300817.png,Georgette Sea Green Saree AA300817,AA300817,https://byrappasilk.in/storage/products/featured/featured_6a31353e7f238.webp
saree_0899_AA300817.png,Georgette Mint Green saree AA300817,AA300817,https://byrappasilk.in/storage/products/featured/featured_6a31411808111.webp
saree_0900_AA300817.png,Georgette Orange Saree AA300817,AA300817,https://byrappasilk.in/storage/products/featured/featured_6a3142c79d19d.webp
saree_0901_AA300817.png,Georgette Vibrant Yellow Saree AA300817,AA300817,https://byrappasilk.in/storage/products/featured/featured_6a314378dd806.webp
saree_0902_AA300817.png,Georgette Navy Blue Saree AA300817,AA300817,https://byrappasilk.in/storage/products/featured/featured_6a31442d46e90.webp
saree_0903_AA212503.png,Cocktail Party Wear Elegant Pastel Pink Sequin Saree AA212503,AA212503,https://byrappasilk.in/storage/products/featured/featured_6a3229e93dde7.webp
saree_0904_AA212503.png,Cocktail Party Wear Elegant Mint Green Sequin Saree AA212503,AA212503,https://byrappasilk.in/storage/products/featured/featured_6a322dbedf05e.webp
saree_0905_AA212503.png,Cocktail Party Wear Elegant Pastel Blue Sequin Saree AA212503,AA212503,https://byrappasilk.in/storage/products/featured/featured_6a322fa792d42.webp
saree_0906_AA212503.png,Cocktail Party Wear Elegant Red Sequin Saree AA212503,AA212503,https://byrappasilk.in/storage/products/featured/featured_6a32357c13bb7.webp
saree_0907_AA212503.png,Cocktail Party Wear Elegant Lavender Sequin Saree AA212503,AA212503,https://byrappasilk.in/storage/products/featured/featured_6a323e0a8d4ae.webp
saree_0908_AA300817.png,Georgette Pink saree AA300817,AA300817,https://byrappasilk.in/storage/products/featured/featured_6a324503b71cd.webp
saree_0909_AA300817.png,Georgette Lavender Saree AA300817,AA300817,https://byrappasilk.in/storage/products/featured/featured_6a324583a74f3.webp
saree_0910_AA300343.png,Tissue saree Cream Colour Traditional Folk Art Pallu AA300343,AA300343,https://byrappasilk.in/storage/products/featured/featured_6a33eed16f76c.webp
saree_0911_AA300343.png,Tissue saree Metallic Dual-Tone Colour Traditional  Folk Art Pallu AA300343,AA300343,https://byrappasilk.in/storage/products/featured/featured_6a33f01624bdf.webp
saree_0912_AA300343.png,Tissue Saree Vibrant Orange Colour Traditional Folk Art Pallu AA300343,AA300343,https://byrappasilk.in/storage/products/featured/featured_6a33f0a96d736.webp
saree_0913_AA300343.png,Tissue Saree Pink Dual-Tone Colour Traditional Folk Art Pallu AA300343,AA300343,https://byrappasilk.in/storage/products/featured/featured_6a33f17b32a54.webp
saree_0914_AA300343.png,Tissue Saree Peach Pink Dual-Tone Colour Traditional Folk Art Pallu AA300343,AA300343,https://byrappasilk.in/storage/products/featured/featured_6a33f20928d9e.webp
saree_0915_AA213084.png,Linen Saree Deep Maroon AA213084,AA213084,https://byrappasilk.in/storage/products/featured/featured_6a34eeebae47e.webp
saree_0916_AA213084.png,Linen Saree Maroon AA213084,AA213084,https://byrappasilk.in/storage/products/featured/featured_6a34ef78c28df.webp
saree_0917_AA213084.png,Linen Saree Greyish Green AA213084,AA213084,https://byrappasilk.in/storage/products/featured/featured_6a34f06adecce.webp
saree_0918_AA213084.png,Linen Saree Deep Red AA213084,AA213084,https://byrappasilk.in/storage/products/featured/featured_6a34f0f8b31e6.webp
saree_0919_AA213084.png,Linen Saree Light Pink AA213084,AA213084,https://byrappasilk.in/storage/products/featured/featured_6a34f5756a430.webp
saree_0920_AA213084.png,Linen Saree Pastel Mint Green Pink AA213084,AA213084,https://byrappasilk.in/storage/products/featured/featured_6a34f69b02eb0.webp
saree_0921_AA200321.png,Georgette Saree Orange With Gandaberunda Motif AA200321,AA200321,https://byrappasilk.in/storage/products/featured/featured_6a351af6c6835.webp
saree_0922_AA200321.png,Georgette Saree Pink With Gandaberunda Motif AA200321,AA200321,https://byrappasilk.in/storage/products/featured/featured_6a351b65d594a.webp
saree_0923_AA200321.png,Georgette Saree Yellow With Gandaberunda Motif  AA200321,AA200321,https://byrappasilk.in/storage/products/featured/featured_6a351bfb88418.webp
saree_0924_AA200321.png,Georgette Saree Peach With Gandaberunda Motif AA200321,AA200321,https://byrappasilk.in/storage/products/featured/featured_6a351cccefdd4.webp
saree_0925_AA200321.png,Georgette Saree Magenta With Gandaberunda Motif AA200321,AA200321,https://byrappasilk.in/storage/products/featured/featured_6a351eca669ad.webp
saree_0926_AA200321.png,Georgette Saree Royal Purple With Gandaberunda Motif AA200321,AA200321,https://byrappasilk.in/storage/products/featured/featured_6a352c1475337.webp
saree_0927_AA200321.png,Georgette Saree Turquoise Blue With Gandaberunda Motif AA200321,AA200321,https://byrappasilk.in/storage/products/featured/featured_6a3530fe99f05.webp
saree_0928_AA200321.png,Georgette Saree Navy Blue With Gandaberunda Motif AA200321,AA200321,https://byrappasilk.in/storage/products/featured/featured_6a35332a307f8.webp
saree_0929_AA200321.png,Georgette Saree Yellow With Gandaberunda Motif AA200321,AA200321,https://byrappasilk.in/storage/products/featured/featured_6a35339beeaa6.webp
saree_0930_AA200321.png,Georgette Saree Lavender With Gandaberunda Motif AA200321,AA200321,https://byrappasilk.in/storage/products/featured/featured_6a3534093e08f.webp
saree_0931_AA301310.png,Kora Banarasi Peacock Blue Saree AA301310,AA301310,https://byrappasilk.in/storage/products/featured/featured_6a3681db0ed15.webp
saree_0932_AA301310.png,Kora Banarasi Brown Saree AA301310,AA301310,https://byrappasilk.in/storage/products/featured/featured_6a36837d5522c.webp
saree_0933_AA301310.png,Kora Banarasi Royal Purple Saree AA301310,AA301310,https://byrappasilk.in/storage/products/featured/featured_6a3685242a82f.webp
saree_0934_AA301305.png,Pure Tussar Saree Grey & Black AA301305,AA301305,https://byrappasilk.in/storage/products/featured/featured_6a38e784ebf9f.webp
saree_0935_AA301305.png,Pure Tussar Saree Mauve & Pink Shaded AA301305,AA301305,https://byrappasilk.in/storage/products/featured/featured_6a38e7ef72036.webp
saree_0936_AA301305.png,Pure Tussar Saree Mauve & Onion Pink Shaded AA301305,AA301305,https://byrappasilk.in/storage/products/featured/featured_6a38e8a596fe4.webp
saree_0937_AA301307.png,Pure Organza Saree Ivory AA301307,AA301307,https://byrappasilk.in/storage/products/featured/featured_6a3927d749e3e.webp
saree_0938_AA301307.png,Pure Organza Saree Cream & Yellow AA301307,AA301307,https://byrappasilk.in/storage/products/featured/featured_6a39284785465.webp
saree_0939_AA301307.png,Pure Organza Saree Mint Green AA301307,AA301307,https://byrappasilk.in/storage/products/featured/featured_6a3928aa99fbd.webp
saree_0940_QS308050.png,Chiffon Saree Floral Print Vibrant Yellow QS308050,QS308050,https://byrappasilk.in/storage/products/featured/featured_6a3a6018e1d83.webp
saree_0941_QS308050.png,Chiffon Saree Floral Print Off-White QS308050,QS308050,https://byrappasilk.in/storage/products/featured/featured_6a3a60eb325bd.webp
saree_0942_QS308050.png,Chiffon Saree Mustard Yellow Embroidery Border QS308050,QS308050,https://byrappasilk.in/storage/products/featured/featured_6a3a61ba1f1b3.webp
saree_0943_AA301198.png,Soft Silk Mustard yellow Saree AA301198,AA301198,https://byrappasilk.in/storage/products/featured/featured_6a3a6b2956071.webp
saree_0944_AA301198.png,Soft Silk Mustard yellow Saree AA301198,AA301198,https://byrappasilk.in/storage/products/featured/featured_6a3a6b99bb0bd.webp
saree_0945_AA302425.png,Soft Silk Mustard yellow Saree AA301198,AA302425,https://byrappasilk.in/storage/products/featured/featured_6a3cce0ab1ecd.webp
saree_0946_AA301198.png,Soft Silk yellow Saree AA301198,AA301198,https://byrappasilk.in/storage/products/featured/featured_6a3cceac0312f.webp
saree_0947_AA301198.png,Soft Silk yellow Saree AA301198,AA301198,https://byrappasilk.in/storage/products/featured/featured_6a3ccf0e0e831.webp
saree_0948_AA301198.png,Soft Silk yellow Saree AA301198,AA301198,https://byrappasilk.in/storage/products/featured/featured_6a3ccf4f13866.webp
saree_0949_AA300846.png,Pure Silk Cotton Ikkat Design AA300846,AA300846,https://byrappasilk.in/storage/products/featured/featured_6a3cd0f150d5a.webp
saree_0950_AA300846.png,Pure Silk Cotton Ikkat Design AA300846,AA300846,https://byrappasilk.in/storage/products/featured/featured_6a3cd15af3886.webp
saree_0951_AA300846.png,Pure Silk Cotton Ikkat Design AA300846,AA300846,https://byrappasilk.in/storage/products/featured/featured_6a3cd1968c41a.webp
saree_0952_AA305951.png,Pure Organza Saree Black AA305951,AA305951,https://byrappasilk.in/storage/products/featured/featured_6a3d39554f811.webp
saree_0953_AA306469.png,Pure Mysore Silk Saree Bottel Green AA306469,AA306469,https://byrappasilk.in/storage/products/featured/featured_6a3e3c68ce7d6.webp
saree_0954_AA306469.png,Pure Mysore Silk Saree Royal Blue AA306469,AA306469,https://byrappasilk.in/storage/products/featured/featured_6a3e3ce37509f.webp
saree_0955_AA306469.png,Pure Mysore Silk Saree Red AA306469,AA306469,https://byrappasilk.in/storage/products/featured/featured_6a3e3d5fa8d82.webp
saree_0956_AA305964.png,Malai Chanderi Saree Pink AA305964,AA305964,https://byrappasilk.in/storage/products/featured/featured_6a3e6d1c9c6c5.webp
saree_0957_AA305964.png,Malai Chanderi Saree Orange AA305964,AA305964,https://byrappasilk.in/storage/products/featured/featured_6a3e6db7aab6d.webp
saree_0958_AA305964.png,Malai Chanderi Saree Deep Purple AA305964,AA305964,https://byrappasilk.in/storage/products/featured/featured_6a3e795787101.webp
saree_0959_AA306482.png,Pure Mysore Silk Saree Cream & Maroon AA306482,AA306482,https://byrappasilk.in/storage/products/featured/featured_6a3fa2335a63c.webp
saree_0960_AA305964.png,Malai Chanderi Saree Yellow AA305964,AA305964,https://byrappasilk.in/storage/products/featured/featured_6a3fa8260a855.webp
saree_0961_AA305964.png,Malai Chanderi Saree Purple AA305964,AA305964,https://byrappasilk.in/storage/products/featured/featured_6a3faeab706ee.webp
saree_0962_AA305964.png,Malai Chanderi Saree Rich Wine AA305964,AA305964,https://byrappasilk.in/storage/products/featured/featured_6a3faf865e4b6.webp
saree_0963_AA305964.png,Malai Chanderi Saree Red AA305964,AA305964,https://byrappasilk.in/storage/products/featured/featured_6a3fb0021582b.webp
saree_0964_AA305944.png,Tissue Chanderi Saree Stripe Design AA305944,AA305944,https://byrappasilk.in/storage/products/featured/featured_6a3fc7a51e9c9.webp
saree_0965_AA306215.png,Fancy Saree Off-White AA306215,AA306215,https://byrappasilk.in/storage/products/featured/featured_6a3fe4f796f45.webp
saree_0966_AA307172.png,Linen Cotton Saree AA307172,AA307172,https://byrappasilk.in/storage/products/featured/featured_6a3fef38e6518.webp
saree_0967_AA307172.png,Linen Cotton Saree AA307172,AA307172,https://byrappasilk.in/storage/products/featured/featured_6a3fefee7b72d.webp
saree_0968_AA307172.png,Linen Cotton Saree AA307172,AA307172,https://byrappasilk.in/storage/products/featured/featured_6a420c98d48af.webp
saree_0969_AA307172.png,Linen Cotton Saree AA307172,AA307172,https://byrappasilk.in/storage/products/featured/featured_6a420cd6f0afa.webp
saree_0970_AA307172.png,Linen Cotton Saree AA307172,AA307172,https://byrappasilk.in/storage/products/featured/featured_6a5b450aa5627.webp
saree_0971_AA307172.png,Linen Cotton Saree AA307172,AA307172,https://byrappasilk.in/storage/products/featured/featured_6a4257bfbe20f.webp
saree_0972_AA307172.png,Linen Cotton Saree AA307172,AA307172,https://byrappasilk.in/storage/products/featured/featured_6a5b456a283da.webp
saree_0973_AA305951.png,Pure Organza Turkish Aplique Shaded Design Saree AA305951,AA305951,https://byrappasilk.in/storage/products/featured/featured_6a4754258c408.webp
saree_0974_AA305951.png,Pure Organza Turkish Aplique Shaded Design Saree AA305951,AA305951,https://byrappasilk.in/storage/products/featured/featured_6a4754b581b41.webp
saree_0975_AA305951.png,Pure Organza Turkish Aplique Shaded Design Saree AA305951,AA305951,https://byrappasilk.in/storage/products/featured/featured_6a47551bae949.webp
saree_0976_AA305951.png,Pure Organza Turkish Aplique Shaded Design Saree AA305951,AA305951,https://byrappasilk.in/storage/products/featured/featured_6a47554e2c4d4.webp
saree_0977_AA310678.png,Semi Tussar Saree Beige AA310678,AA310678,https://byrappasilk.in/storage/products/featured/featured_6a4a9b6ce165a.webp
saree_0978_AA310653.png,Pure Organza Saree Black AA310653,AA310653,https://byrappasilk.in/storage/products/featured/featured_6a4b7112d7611.webp
saree_0979_AA310653.png,Pure Organza Saree White AA310653,AA310653,https://byrappasilk.in/storage/products/featured/featured_6a4b71c9bc305.webp
saree_0980_AA307522.png,Pure Organza Saree pastel Pink AA307522,AA307522,https://byrappasilk.in/storage/products/featured/featured_6a4ba86caf69c.webp
saree_0981_AA308951.png,Printed Tussar saree Coffee Brown AA308951,AA308951,https://byrappasilk.in/storage/products/featured/featured_6a4baac52c648.webp
saree_0982_AA308951.png,Printed Tussar Saree Purple AA308951,AA308951,https://byrappasilk.in/storage/products/featured/featured_6a4bab53a2a4a.webp
saree_0983_AA310740.png,Pure Mysore Silk Crape Saree Red AA310740,AA310740,https://byrappasilk.in/storage/products/featured/featured_6a4d1edbcd337.webp
saree_0984_AA310740.png,Pure Mysore Silk Crape Saree Royal Blue AA310740,AA310740,https://byrappasilk.in/storage/products/featured/featured_6a4e4386df194.webp
saree_0985_AA310740.png,Pure Mysore Silk Crape Saree Navy Blue AA310740,AA310740,https://byrappasilk.in/storage/products/featured/featured_6a4e45f4b612e.webp
saree_0986_AA310869.png,Chiffon Saree Orange With Sequin Border AA310869,AA310869,https://byrappasilk.in/storage/products/featured/featured_6a50a11285260.webp
saree_0987_AA310869.png,Chiffon Saree Red With Sequin Border AA310869,AA310869,https://byrappasilk.in/storage/products/featured/featured_6a50a54f10feb.webp
saree_0988_AA310869.png,Chiffon Saree Pink With Sequin Border AA310869,AA310869,https://byrappasilk.in/storage/products/featured/featured_6a51e2d6aaadd.webp
saree_0989_QS310873.png,Floral Printed Crape Saree Pink QS310873,QS310873,https://byrappasilk.in/storage/products/featured/featured_6a51eba030544.webp
saree_0990_AA306896.png,Designer Saree Pink AA306896,AA306896,https://byrappasilk.in/storage/products/featured/featured_6a528766dad1f.webp
saree_0991_AA310947.png,Printed Crape Saree Black With Ready Blouse AA310947,AA310947,https://byrappasilk.in/storage/products/featured/featured_6a53a500707d9.webp
saree_0992_AA310947.png,Printed Crape Saree Black With Ready Blouse AA310947,AA310947,https://byrappasilk.in/storage/products/featured/featured_6a53a5f8bd1e0.webp
saree_0993_AA310947.png,Printed Crape Saree Lavender Floral With Ready Blouse AA310947,AA310947,https://byrappasilk.in/storage/products/featured/featured_6a549e57e1289.webp
saree_0994_AA310947.png,Printed Crape Saree Pink Floral With Ready Blouse AA310947,AA310947,https://byrappasilk.in/storage/products/featured/featured_6a549ede192b0.webp
saree_0995_AA310947.png,Printed Crape Saree Black Floral With Ready Blouse AA310947,AA310947,https://byrappasilk.in/storage/products/featured/featured_6a549f9524fc8.webp
saree_0996_AA311090.png,Pink Saree with 2 Designer Blouses Mustard Mirror Work Blouse & Matching Blouse AA311090,AA311090,https://byrappasilk.in/storage/products/featured/featured_6a54a442210f1.webp
saree_0997_AA306044.png,Floral Printed Polka Dot Crape Saree Black AA306044,AA306044,https://byrappasilk.in/storage/products/featured/featured_6a54ab1914c89.webp
saree_0998_AA3110763.png,Floral Printed Crape Saree Mustard Yellow AA3110763,AA3110763,https://byrappasilk.in/storage/products/featured/featured_6a54aead0f6ee.webp
saree_0999_AA311596.png,Patola Saree With Pink Floral Motifs AA311596,AA311596,https://byrappasilk.in/storage/products/featured/featured_6a55e82f6073c.webp
saree_1000_AA311596.png,Patola Saree With Vibrant Pink Body Floral Motifs AA311596,AA311596,https://byrappasilk.in/storage/products/featured/featured_6a55e93cc943c.webp
saree_1001_AA311598.png,Patola Silk Saree Magenta Pink AA311596,AA311598,https://byrappasilk.in/storage/products/featured/featured_6a55ea9186a4c.webp
saree_1002_AA310945.png,Blush Pink Designer Saree With Ready Blouse AA310945,AA310945,https://byrappasilk.in/storage/products/featured/featured_6a55edbb2be05.webp
saree_1003_AA311565.png,Modal Saree With Mirror Work AA311565,AA311565,https://byrappasilk.in/storage/products/featured/featured_6a561e76a3204.webp
saree_1004_AA311565.png,Modal Saree With Mirror Work  AA311565,AA311565,https://byrappasilk.in/storage/products/featured/featured_6a561f944ecba.webp
saree_1005_AA311565.png,Modal Saree With Mirror Work AA311565,AA311565,https://byrappasilk.in/storage/products/featured/featured_6a5621379c73b.webp
saree_1006_AA311090.png,Multicolour Abstract Print Saree with 2 Blouses Designer Pink Mirror Work Blouse & Matching Blouse AA311090,AA311090,https://byrappasilk.in/storage/products/featured/featured_6a57756d3612f.webp
saree_1007_AA311090.png,Printed Pink Saree with Designer Blouse AA311090,AA311090,https://byrappasilk.in/storage/products/featured/featured_6a5dc128a1264.webp
saree_1008_AA306616.png,Floral Printed Crape Saree Pink AA306616,AA306616,https://byrappasilk.in/storage/products/featured/featured_6a587fd3e52d9.webp
saree_1009_AA308669.png,Pure Tussar Saree Peach & Cream Hand Printed AA308669,AA308669,https://byrappasilk.in/storage/products/featured/featured_6a58a49c80e8c.webp
saree_1010_AA311777.png,Chanderi Saree Magenta Pink AA311777,AA311777,https://byrappasilk.in/storage/products/featured/featured_6a59de5542d2f.webp
saree_1011_AA311777.png,Chanderi Saree Grey AA311777,AA311777,https://byrappasilk.in/storage/products/featured/featured_6a59e02b7d93f.webp
saree_1012_AA208462.png,Pure kanchipuram Elegant Red With Antique Gold Border AA208462,AA208462,https://byrappasilk.in/storage/products/featured/featured_6a59e75bb655e.webp
saree_1013_AA208462.png,Pure kanchipuram Yellow With Antique Gold Border AA208462,AA208462,https://byrappasilk.in/storage/products/featured/featured_6a59e89c74130.webp
saree_1014_AA307172.png,Linen Cotton Saree AA307172,AA307172,https://byrappasilk.in/storage/products/featured/featured_6a59ee41920a0.webp
saree_1015_AA310756.png,Pure Tussar Saree Purple Colour AA310756,AA310756,https://byrappasilk.in/storage/products/featured/featured_6a5b2d0ec6eda.webp
saree_1016_AA307172.png,Linen Cotton Saree AA307172,AA307172,https://byrappasilk.in/storage/products/featured/featured_6a5b426762667.webp
saree_1017_AA307172.png,Linen Cotton Saree AA307172,AA307172,https://byrappasilk.in/storage/products/featured/featured_6a5b50c146b61.webp
saree_1018_AA307172.png,Linen Cotton Saree AA307172,AA307172,https://byrappasilk.in/storage/products/featured/featured_6a5b512a68333.webp
saree_1019_AA312343.png,Semi Tussar Saree Off White AA312343,AA312343,https://byrappasilk.in/storage/products/featured/featured_6a608fabc960b.webp
saree_1020_AA312343.png,Semi Tussar Saree Off White AA312343,AA312343,https://byrappasilk.in/storage/products/featured/featured_6a60912ad017b.webp
saree_1021_AA313918.png,Handloom Satin Banaras Saree Dusty Rose AA313918,AA313918,https://byrappasilk.in/storage/products/featured/featured_6a6095e868679.webp
saree_1022_AA313918.png,Handloom Satin Banaras Saree Gray AA313918,AA313918,https://byrappasilk.in/storage/products/featured/featured_6a609b9cdee5f.webp
saree_1023_AA313918.png,Handloom Satin Banaras Saree Silver Gray AA313918,AA313918,https://byrappasilk.in/storage/products/featured/featured_6a609c5366ff4.webp
saree_1024_AA313918.png,Handloom Satin Banaras Saree Black & White Stripped AA313918,AA313918,https://byrappasilk.in/storage/products/featured/featured_6a609f2408467.webp
saree_1025_AA313918.png,Handloom Satin Banaras Saree Deep Maroon AA313918,AA313918,https://byrappasilk.in/storage/products/featured/featured_6a60a346c9914.webp
saree_1026_AS200572.png,Semi Kanchipuram Saree With Maroon Temple Border AS200572,AS200572,https://byrappasilk.in/storage/products/featured/featured_6a60d11aeed9b.webp
saree_1027_AA313894.png,Banarasi Saree Black AA313894,AA313894,https://byrappasilk.in/storage/products/featured/featured_6a60f6b100169.webp
saree_1028_AA313894.png,Banarasi Saree Beige AA313894,AA313894,https://byrappasilk.in/storage/products/featured/featured_6a60f85f4e736.webp
saree_1029_AA313894.png,Banarasi Saree Mustard Yellow AA313894,AA313894,https://byrappasilk.in/storage/products/featured/featured_6a60f9c8d1d31.webp
saree_1030_AA310641.png,Party Wear Saree Off-White AA310641,AA310641,https://byrappasilk.in/storage/products/featured/featured_6a61f9328a16d.webp
saree_1031_AA310641.png,Party Wear Saree Pastel Pink AA310641,AA310641,https://byrappasilk.in/storage/products/featured/featured_6a6215616b31b.webp
saree_1032_AA313974.png,Mul Cotton Saree With Sequin Work Yellow AA313974,AA313974,https://byrappasilk.in/storage/products/featured/featured_6a621a7fac4ed.webp
saree_1033_AA313974.png,Mul Cotton Saree With Sequin Work Sage Gray AA313974,AA313974,https://byrappasilk.in/storage/products/featured/featured_6a621b2ec1795.webp
saree_1034_AA313974.png,Mul Cotton Saree With Sequin Work Pink AA313974,AA313974,https://byrappasilk.in/storage/products/featured/featured_6a621ce60c06c.webp
saree_1035_AA313974.png,Mul Cotton Saree With Sequin Work Magenta Pink,AA313974,https://byrappasilk.in/storage/products/featured/featured_6a621d90a5b5f.webp
saree_1036_AA313974.png,Mul Cotton Saree With Sequin Work Teal Blue AA313974,AA313974,https://byrappasilk.in/storage/products/featured/featured_6a621e43a414c.webp
saree_1037_AA313974.png,Mul Cotton Saree With Sequin Work Olive Green AA313974,AA313974,https://byrappasilk.in/storage/products/featured/featured_6a621edc45a9b.webp
saree_1038_AA313974.png,Mul Cotton Saree With Sequin Work Rust Orange AA313974,AA313974,https://byrappasilk.in/storage/products/featured/featured_6a622096c3040.webp
saree_1039_AA312294.png,Semi Tussar Black Saree AA312294,AA312294,https://byrappasilk.in/storage/products/featured/featured_6a636512cc718.webp
saree_1040_AA301022.png,Pure Kanchipuram Saree Chocolate Brown AA301022,AA301022,https://byrappasilk.in/storage/products/featured/featured_6a6369d1c13ab.webp
saree_1041_AA301022.png,Pure Kanchipuram Saree Chocolate Brown AA301022,AA301022,https://byrappasilk.in/storage/products/featured/featured_6a636ad064bbc.webp
saree_1042_AA311909.png,Designer Saree With Ready Blouse Dule Tone Pink & White AA311909,AA311909,https://byrappasilk.in/storage/products/featured/featured_6a674f37ccac6.webp
saree_1043_AA311909.png,Designer Saree With Ready Blouse Pastel Pink & Mint Green AA311909,AA311909,https://byrappasilk.in/storage/products/featured/featured_6a67511ee7b52.webp
saree_1044_AA311909.png,Designer Saree With Ready Blouse Brighten Yellow & Pink Dual-Tone Saree AA311909,AA311909,https://byrappasilk.in/storage/products/featured/featured_6a67531ddbc91.webp
saree_1045_AA311909.png,Designer Saree With Ready Blouse Lavender & Off-White Dual Tone AA311909,AA311909,https://byrappasilk.in/storage/products/featured/featured_6a6754382f279.webp
saree_1046_AA311909.png,Designer Saree With Ready Blouse Grey & Lilac Purple Dual Tone AA311909,AA311909,https://byrappasilk.in/storage/products/featured/featured_6a67571e2baa0.webp
saree_1047_AA313636.png,Pure Mysore Silk Saree Red With Gold Zari AA313636,AA313636,https://byrappasilk.in/storage/products/featured/featured_6a6880c83af1d.webp
saree_1048_AA313636.png,Pure Mysore Silk Saree Rich Maroon With Gold Zari AA313636,AA313636,https://byrappasilk.in/storage/products/featured/featured_6a688433d0d7f.webp
saree_1049_AA313636.png,Pure Mysore Silk Saree Dark Teal Green With Gold Zari AA313636,AA313636,https://byrappasilk.in/storage/products/featured/featured_6a6885dec0385.webp
saree_1050_AA313636.png,Pure Mysore Silk Saree Royal Purple With Gold Zari AA313636,AA313636,https://byrappasilk.in/storage/products/featured/featured_6a6889839dc58.webp
saree_1051_AA313542.png,Pure Mysore Silk Saree Coffe Brown With Gold Zari AA313542,AA313542,https://byrappasilk.in/storage/products/featured/featured_6a688f9e977e5.webp
saree_1052_AA313636.png,Pure Mysore Silk Saree Maroon With Gold Zari AA313542,AA313636,https://byrappasilk.in/storage/products/featured/featured_6a68909183ae0.webp
saree_1053_AA313542.png,Pure Mysore Silk Saree Rani Pink With Gold Zari AA313542,AA313542,https://byrappasilk.in/storage/products/featured/featured_6a6891d1f1c36.webp
saree_1054_AA313515.png,Pure Mysore Silk Saree Royal Blue With Gold Zari AA313515,AA313515,https://byrappasilk.in/storage/products/featured/featured_6a6896c267bea.webp
saree_1055_AA313515.png,Pure Mysore Silk Saree Red With Gold Zari AA313515,AA313515,https://byrappasilk.in/storage/products/featured/featured_6a6897d128e46.webp
saree_1056_AA313.png,Red Embroidered Scalloped Border Saree With Ready Blouse AA313,AA313,https://byrappasilk.in/storage/products/featured/featured_6a69ab125f8c4.webp
saree_1057_AA301405.png,Pure kanchipura Saree Black With Gold Zari border AA301405,AA301405,https://byrappasilk.in/storage/products/featured/featured_6a69e8c5906bb.webp
saree_1058_AA301405.png,Pure kanchipuram Saree Black With Gold & Silver Zari Border,AA301405,https://byrappasilk.in/storage/products/featured/featured_6a69e9b95f286.webp
saree_1059_AA301405.png,Pure kanchipuram Saree Black With Silver Zari Peacock Motifs AA301405,AA301405,https://byrappasilk.in/storage/products/featured/featured_6a69ea9213211.webp
saree_1060_AA300220.png,Pure Handloom Kanchipuram Saree AA300220,AA300220,https://byrappasilk.in/storage/products/featured/featured_6a69f8df01fae.webp
saree_1061_AA300220.png,Pure Handloom Kanchipuram Saree AA300220,AA300220,https://byrappasilk.in/storage/products/featured/featured_6a69fb1a64f32.webp
saree_1062_AA300220.png,Pure Handloom Kanchipuram Saree AA300220,AA300220,https://byrappasilk.in/storage/products/featured/featured_6a69fc003bddd.webp
saree_1063_AA300220.png,Pure Handloom Kanchipuram Saree AA300220,AA300220,https://byrappasilk.in/storage/products/featured/featured_6a69fc7a1048c.webp
saree_1064_AA313011.png,Fancy Saree With Ready Blouse AA313011,AA313011,https://byrappasilk.in/storage/products/featured/featured_6a6a16f864e83.webp
saree_1065_AA313011.png,Fancy Saree With Ready Blouse AA313011,AA313011,https://byrappasilk.in/storage/products/featured/featured_6a6a174ae395e.webp
saree_1066_AA313275.png,Peach Colour Designer Border Saree With Ready Blouse  AA313275,AA313275,https://byrappasilk.in/storage/products/featured/featured_6a6b0f3eb9ac0.webp
saree_1067_AA313011.png,Peach Colour Designer Border Saree With Ready Blouse AA313011,AA313011,https://byrappasilk.in/storage/products/featured/featured_6a6b13f3e0efb.webp
saree_1068_AA313011.png,Baby Pink Colour Designer Border Saree With Ready Blouse AA313011,AA313011,https://byrappasilk.in/storage/products/featured/featured_6a6b15a2e9809.webp
saree_1069_AA313011.png,Pastel Green Colour Designer Border Saree With Ready Blouse AA313011,AA313011,https://byrappasilk.in/storage/products/featured/featured_6a6b17cf1b2b8.webp
saree_1070_AA314608.png,Pure Kancipuram Saree With Gandaberunda Motife AA314608,AA314608,https://byrappasilk.in/storage/products/featured/featured_6a6b3e98f145b.webp
saree_1071_AA314608.png,Pure Kancipuram Saree Pink With Baby Pink Border AA314608,AA314608,https://byrappasilk.in/storage/products/featured/featured_6a6b3ff047589.webp
saree_1072_AA314608.png,Pure Kancipuram Saree Olive Green With Orange Border AA314608,AA314608,https://byrappasilk.in/storage/products/featured/featured_6a6b40fde4da5.webp
saree_1073_AA314608.png,Pure Kancipuram Saree With Gandaberunda Motife AA314608,AA314608,https://byrappasilk.in/storage/products/featured/featured_6a6b4af2d6ff6.webp
saree_1074_AA314608.png,Pure Kancipuram Saree With Gandaberunda Motife AA314608,AA314608,https://byrappasilk.in/storage/products/featured/featured_6a6b4ba78a062.webp
